Open_day1,Open_day2,Open_day3,High_day1,High_day2,High_day3,Low_day1,Low_day2,Low_day3,Volume_day1,Volume_day2,Volume_day3,Target
119.55,120.42,120.0,122.1,120.1,120.81,120.28,119.5,119.77,32417410.0,23191150.0,21982000.0,121.67
324.19,324.74,321.47,325.98,326.22,327.22,322.85,323.35,321.47,20028450.0,23686890.0,28432570.0,315.36
113.86,115.12,108.73,116.13,115.73,113.03,114.04,113.49,108.6,79763890.0,90398170.0,111186900.0,115.19
307.24,310.6,297.16,312.67,310.43,304.44,308.25,306.2,297.16,35217270.0,42621540.0,33090950.0,311.64
167.9,169.87,163.89,169.94,169.65,168.07,165.61,166.94,163.72,33482970.0,35779520.0,44651420.0,167.64
177.3,177.3,178.61,179.44,177.78,179.58,176.82,176.6,177.41,32395870.0,27052000.0,31306390.0,177.25
174.0,172.37,167.64,174.99,174.26,168.5,171.72,171.12,165.28,34770480.0,59332210.0,39668100.0,173.91
107.39,107.41,108.57,107.95,107.88,108.75,106.31,106.68,107.68,27744300.0,25001730.0,23606240.0,106.62
173.04,169.97,173.5,170.32,173.48,174.5,168.38,171.18,173.4,28998220.0,24683350.0,16956290.0,171.18
174.32,174.28,173.21,175.15,174.91,175.0,172.89,172.92,172.73,25737560.0,27953810.0,27817640.0,175.69
113.05,113.85,115.19,113.99,114.12,116.18,112.44,112.51,113.25,35951900.0,34494150.0,46937190.0,114.35
170.78,173.36,170.29,175.0,173.7,170.56,173.05,170.78,169.56,25558680.0,25047130.0,16041550.0,175.1
175.11,173.5,175.11,174.5,175.38,176.1,173.4,174.27,173.14,16956290.0,25129510.0,29422610.0,173.04
176.23,175.6,177.95,177.92,177.99,179.23,170.27,174.99,176.67,40396070.0,27043580.0,21218410.0,175.44
154.26,154.01,153.21,155.09,154.45,154.13,153.91,152.72,152.0,16216800.0,18631540.0,26204670.0,153.63
258.31,261.07,267.27,263.31,259.53,268.25,260.68,256.29,263.45,16810390.0,29377270.0,23693550.0,263.79
170.0,168.39,175.04,169.92,172.68,175.09,164.94,168.6,171.26,40984540.0,41335980.0,36387880.0,168.07
156.06,155.97,155.81,156.98,158.0,156.73,155.75,155.1,155.49,16861450.0,15603520.0,16243080.0,156.35
94.55,94.16,92.39,95.21,94.7,94.39,93.89,93.01,91.65,42009830.0,46858910.0,61192340.0,94.64
122.32,122.6,123.15,122.64,122.57,123.5,120.91,121.71,122.27,42832890.0,33400950.0,36912040.0,121.5
143.71,143.25,143.72,144.89,144.12,144.27,143.17,143.05,143.01,19865300.0,19970040.0,19576480.0,144.22
160.4,156.86,166.0,158.16,162.11,167.45,149.63,155.3,159.09,95497900.0,64398230.0,47597670.0,148.15
179.8,180.2,184.66,182.14,180.54,185.71,178.62,177.81,182.55,23714690.0,36529740.0,29748560.0,178.92
191.81,194.86,186.51,196.0,195.37,191.92,193.6,191.62,185.77,26932880.0,26220850.0,30684390.0,193.95
239.77,247.39,247.51,252.84,250.0,257.61,242.61,237.12,238.4,67964260.0,75058410.0,81013970.0,247.18
198.43,197.77,198.54,200.99,199.26,200.16,197.35,195.29,198.17,26067510.0,21070330.0,18220420.0,200.29
207.86,204.1,205.86,205.72,208.55,207.19,203.32,203.53,205.06,15957630.0,25897340.0,26066130.0,208.5
111.11,107.09,94.87,109.89,111.11,108.8,105.05,103.5,92.0,96531890.0,102731700.0,161882500.0,112.23
115.66,112.21,116.25,114.3,116.49,116.54,111.87,113.72,115.44,73991000.0,63712340.0,37080720.0,113.67
150.27,153.08,150.85,155.88,153.39,151.27,153.0,150.05,149.22,30483120.0,28449940.0,32018540.0,154.2
116.93,118.7,115.4,120.69,119.3,116.54,118.27,116.06,113.99,51106100.0,85436210.0,67673450.0,120.99
320.0,322.63,315.36,324.65,324.57,319.75,318.21,320.0,314.61,25141490.0,23495990.0,38190550.0,318.62
111.09,107.12,109.88,108.87,111.09,111.32,106.55,105.83,108.05,34117030.0,57097740.0,59118740.0,107.71
149.99,150.58,151.5,152.44,150.44,151.74,149.9,148.88,150.19,21466370.0,25111310.0,17170490.0,151.8
145.59,146.52,147.54,147.14,147.49,148.09,145.81,144.27,146.84,23345970.0,45579740.0,44182930.0,146.76
107.83,107.25,107.9,107.27,108.76,108.3,105.24,107.07,107.51,52955310.0,42250480.0,26645130.0,104.64
107.41,106.62,107.39,107.44,107.95,107.88,106.29,106.31,106.68,24900130.0,27744300.0,25001730.0,105.8
173.41,174.78,172.23,175.84,175.0,173.92,173.85,173.04,171.7,25100510.0,22858840.0,22401040.0,175.03
135.1,136.23,135.67,136.75,135.83,135.9,135.98,135.1,134.84,24487200.0,22163280.0,22539860.0,136.43
189.91,186.93,186.27,190.9,192.47,191.75,186.76,188.84,186.02,32879090.0,33031360.0,26544720.0,183.52
109.88,110.63,108.01,111.74,111.37,111.01,109.77,109.07,107.55,48702200.0,52033100.0,57774940.0,111.74
117.52,117.64,118.98,117.69,118.6,119.86,115.08,116.86,117.81,46301930.0,34275420.0,32063100.0,116.04
196.45,196.42,194.79,200.23,197.1,196.37,196.34,195.93,193.14,25829880.0,18473070.0,19090050.0,200.32
184.66,179.8,185.22,180.54,185.71,188.0,177.81,182.55,184.7,36529740.0,29748560.0,28364850.0,180.2
116.74,116.8,115.8,117.4,117.5,117.38,116.78,116.68,115.75,23724430.0,21337310.0,27756760.0,116.35
94.19,95.02,93.79,96.85,94.5,94.72,94.61,93.01,92.59,48032600.0,40323020.0,49979700.0,96.67
107.7,107.9,106.14,108.3,108.0,106.8,107.51,106.82,105.62,26645130.0,26393770.0,26675250.0,107.83
171.18,171.04,169.97,171.39,171.87,170.32,169.64,170.3,168.38,21884010.0,23598650.0,28998220.0,170.29
169.71,171.25,171.39,171.7,171.26,172.48,169.75,169.38,169.92,24603320.0,21785180.0,22389660.0,169.71
192.9,196.05,191.55,200.29,194.96,193.59,195.21,192.17,190.3,26551000.0,14669140.0,18761470.0,199.68
365.12,367.85,360.08,370.47,367.36,365.98,363.64,363.91,360.0,28510370.0,27684310.0,35055820.0,370.0
169.79,172.36,163.05,174.82,173.09,167.54,171.77,169.0,162.88,40113790.0,50908540.0,40382890.0,172.05
194.61,194.99,193.06,195.19,195.96,194.85,190.1,193.61,192.43,23975350.0,19005150.0,16553500.0,191.9
94.2,95.2,93.97,95.9,95.74,94.08,93.82,93.68,92.4,40984160.0,56770080.0,47844490.0,94.0
163.05,169.79,161.95,173.09,167.54,164.75,169.0,162.88,161.65,50908540.0,40382890.0,32483310.0,172.36
121.5,117.42,122.6,117.7,122.57,122.64,113.25,117.52,120.91,123601900.0,69639900.0,42832890.0,112.95
105.58,106.27,104.81,107.65,106.0,105.84,106.18,105.28,104.77,39546610.0,26781730.0,30148360.0,107.52
286.25,289.17,289.96,293.69,299.0,294.53,286.32,285.85,288.35,33391990.0,60154180.0,45765970.0,295.06
182.59,180.32,180.29,180.52,183.5,182.39,177.81,179.24,180.21,29334630.0,31464170.0,32191070.0,178.5
96.05,97.2,93.98,98.02,96.76,96.38,96.58,95.25,93.32,28949760.0,27526040.0,36192150.0,96.86
118.7,120.99,116.93,121.22,120.69,119.3,119.45,118.27,116.06,49305220.0,51106100.0,85436210.0,119.87
190.68,192.45,191.78,193.66,191.96,192.43,192.05,189.56,190.17,18680930.0,15955820.0,20670830.0,193.06
223.52,225.75,224.94,226.84,228.35,225.0,222.52,222.57,219.84,31801970.0,41411350.0,49118510.0,222.15
162.13,166.41,164.0,169.2,167.26,164.33,165.27,161.84,160.63,52228910.0,41976500.0,35617230.0,175.23
220.42,221.16,214.52,221.83,222.88,219.5,217.27,216.84,212.32,30280450.0,39494770.0,52902320.0,218.93
144.88,143.69,144.45,144.79,145.3,144.96,142.72,143.1,143.78,21550270.0,14277850.0,22986960.0,143.02
198.68,200.85,200.32,201.0,200.74,202.85,198.44,198.18,199.23,20543190.0,21654750.0,35738280.0,199.2
95.39,94.6,95.49,95.66,95.4,96.47,94.37,94.46,95.33,30877540.0,27553750.0,25982080.0,95.7
190.71,188.5,189.5,189.78,191.28,190.68,187.61,190.18,189.3,18776390.0,15801370.0,19636390.0,189.53
139.39,140.91,141.5,144.04,141.22,141.74,140.62,138.62,140.35,33348400.0,23531670.0,22355140.0,143.68
154.01,153.63,154.26,153.86,155.09,154.45,152.46,153.91,152.72,20088940.0,16216800.0,18631540.0,154.18
139.41,140.72,139.3,141.02,140.75,139.65,140.26,139.03,138.84,19173780.0,25676720.0,15281850.0,141.0
106.05,104.81,104.41,105.84,106.07,106.15,104.77,104.0,104.41,30148360.0,33770220.0,38018910.0,105.58
191.64,191.09,189.83,194.46,191.68,190.08,191.05,188.38,188.54,22727370.0,27308200.0,23524830.0,193.25
108.91,107.28,112.02,107.37,109.52,112.25,105.57,105.81,108.98,47507230.0,96197190.0,44654830.0,107.4
169.88,173.0,170.97,174.0,173.09,172.48,171.53,169.85,168.2,28567110.0,28976200.0,34949690.0,172.23
165.53,166.87,170.16,168.44,167.37,170.16,166.5,164.7,167.07,32234520.0,45635470.0,50565420.0,167.17
154.0,154.9,153.38,154.9,154.58,153.98,153.31,152.91,152.63,19906170.0,22930630.0,26892850.0,153.84
185.26,185.42,187.79,188.43,186.41,187.95,185.2,184.28,183.54,17426160.0,16543880.0,13954810.0,189.5
184.1,186.29,185.23,187.19,186.21,187.28,182.91,183.8,184.03,22551660.0,17352380.0,24987260.0,183.82
324.66,324.39,320.75,325.62,326.2,323.44,320.78,322.3,318.93,21890090.0,26122800.0,21910700.0,323.35
125.32,123.09,126.2,123.61,125.74,127.09,122.12,123.9,125.06,44371580.0,42090320.0,50832950.0,123.38
155.84,157.5,148.3,158.52,156.77,157.23,154.55,150.07,146.72,41740600.0,51608850.0,58133850.0,158.53
110.0,112.73,110.19,112.75,112.28,110.19,111.44,109.49,108.21,30386830.0,52720620.0,61747260.0,110.82
149.89,149.9,153.75,150.33,150.23,153.99,148.13,149.19,147.3,19690420.0,17192770.0,32429770.0,149.1
177.25,174.51,177.3,174.95,177.3,179.44,170.53,173.2,176.82,41438280.0,51368540.0,32395870.0,172.0
111.07,112.02,111.94,112.25,111.99,112.8,108.98,108.8,110.35,44654830.0,56157370.0,53168580.0,108.91
95.02,96.67,94.19,98.21,96.85,94.5,96.15,94.61,93.01,44811800.0,48032600.0,40323020.0,98.84
97.6,97.79,99.02,98.27,97.84,99.54,97.45,96.63,98.33,28487570.0,40170200.0,29139100.0,97.99
277.14,277.39,263.75,281.22,286.44,278.09,271.86,269.37,263.0,64094970.0,71322520.0,71686210.0,255.94
200.81,199.2,203.35,201.51,201.4,205.08,198.81,198.41,202.9,20578020.0,25338630.0,17265520.0,201.85
162.61,159.87,160.5,159.96,163.96,162.05,157.91,158.77,159.89,44866280.0,71574560.0,31506890.0,158.99
97.17,97.41,96.75,97.67,97.7,97.65,96.84,97.12,96.73,25879680.0,24129530.0,23317990.0,97.39
258.3,261.55,258.69,262.79,262.47,260.44,260.92,258.28,256.85,21847230.0,20507460.0,17520500.0,261.13
219.01,220.15,217.15,223.49,220.54,218.74,219.41,218.92,216.33,27074260.0,22751390.0,20400770.0,223.25
191.9,190.3,194.99,192.14,192.2,195.19,189.34,189.07,190.1,37847260.0,20912890.0,23975350.0,199.13
142.9,144.11,143.02,145.95,144.75,143.5,143.37,142.9,142.41,21080580.0,18527000.0,24110330.0,144.73
263.75,263.68,261.13,265.78,264.88,264.78,263.01,262.1,261.07,25093670.0,22395560.0,25817590.0,265.8
104.19,104.41,102.83,106.15,104.55,104.45,104.41,103.68,102.82,38018910.0,27697970.0,38771840.0,106.05
143.92,144.09,144.47,144.3,144.16,144.6,143.27,143.31,143.38,20783460.0,14198660.0,19998050.0,145.1
115.12,115.19,113.86,116.18,116.13,115.73,113.25,114.04,113.49,46937190.0,79763890.0,90398170.0,113.05
156.6,159.32,159.9,160.21,158.57,160.0,158.75,156.07,154.63,22074760.0,26208970.0,39636190.0,160.66
159.9,156.6,159.26,158.57,160.0,161.27,156.07,154.63,159.11,26208970.0,39636190.0,26060430.0,159.32
322.37,314.18,322.57,321.55,323.4,325.22,313.85,318.0,320.26,27337220.0,29421010.0,26356390.0,323.6
349.31,344.72,347.9,347.8,351.06,354.77,334.22,335.48,346.09,50036510.0,50415610.0,41662940.0,333.25
186.35,188.77,188.38,188.84,188.5,188.88,186.21,185.76,186.78,23129400.0,19966590.0,15228270.0,188.23
196.42,200.32,196.45,202.85,200.23,197.1,199.23,196.34,195.93,35738280.0,25829880.0,18473070.0,198.68
265.8,267.9,263.68,268.0,267.43,265.78,265.39,264.23,263.01,19069600.0,21700900.0,25093670.0,265.54
200.58,207.03,199.13,208.74,208.38,201.76,205.48,200.35,197.31,33408050.0,62317430.0,67812280.0,208.0
187.88,185.14,190.03,186.33,189.22,190.16,183.45,187.2,188.26,33538550.0,18458410.0,61438290.0,186.35
189.69,191.78,191.78,192.43,192.55,191.8,190.17,189.69,189.93,20670830.0,20182050.0,16365720.0,190.68
110.43,94.87,114.08,108.8,111.9,114.35,92.0,105.65,111.63,161882500.0,127246600.0,68176940.0,111.11
280.0,282.4,268.31,286.33,288.25,273.7,280.63,278.05,265.83,32788640.0,48748670.0,32755730.0,287.38
267.48,270.0,263.79,270.8,271.0,265.89,264.91,267.3,262.73,32182650.0,26547490.0,18661340.0,268.6
110.12,111.95,109.72,112.42,111.99,110.54,111.4,110.01,109.66,25931710.0,29164190.0,28310840.0,111.36
145.77,145.13,145.52,147.16,146.7,146.07,145.11,145.12,144.61,35421310.0,19082170.0,21247590.0,147.17
216.6,217.15,214.65,218.74,216.9,217.05,216.33,215.11,214.6,20400770.0,18457720.0,18505780.0,219.01
149.03,153.87,146.76,154.88,153.7,148.98,153.45,149.03,146.76,38907940.0,48670440.0,27254850.0,153.63
189.75,191.78,191.52,191.8,191.87,192.65,189.93,189.2,190.42,16365720.0,15515000.0,15009800.0,189.69
116.7,118.08,114.33,118.13,119.23,115.5,114.92,116.33,114.1,66139770.0,59251740.0,41430660.0,115.4
221.0,223.82,219.75,226.44,223.75,222.82,223.54,219.76,219.7,29729270.0,23430370.0,22811140.0,224.79
139.3,139.41,138.85,140.75,139.65,139.43,139.03,138.84,138.82,25676720.0,15281850.0,17048800.0,140.72
178.65,177.32,178.5,177.47,179.12,180.24,173.66,177.62,178.07,32931110.0,38313330.0,22676520.0,175.24
154.15,154.11,156.41,154.48,155.14,156.73,151.74,151.7,152.62,25418110.0,23046560.0,30273990.0,155.48
187.6,187.72,188.23,188.0,188.75,189.65,186.78,186.87,187.65,18503410.0,22409110.0,17186760.0,187.22
186.27,189.91,186.41,192.47,191.75,189.7,188.84,186.02,185.41,33031360.0,26544720.0,36529680.0,186.93
102.37,102.39,100.58,102.83,103.75,101.71,100.96,101.37,100.45,35890740.0,46026600.0,36884490.0,100.78
191.52,189.75,191.08,191.87,192.65,191.84,189.2,190.42,190.9,15515000.0,15009800.0,12506830.0,191.78
157.86,157.5,160.52,157.89,159.5,160.71,155.11,156.72,157.84,26330070.0,27391950.0,27377960.0,158.23
113.85,114.35,113.05,114.94,113.99,114.12,114.0,112.44,112.51,31048170.0,35951900.0,34494150.0,114.42
172.4,168.99,174.65,170.66,173.94,175.57,168.42,170.34,172.85,23793830.0,31644240.0,28204640.0,171.05
117.33,119.21,119.27,119.23,119.35,119.73,117.92,117.12,117.34,21341960.0,42747950.0,32445680.0,118.29
159.07,160.43,158.23,160.74,160.47,160.0,158.55,158.88,158.02,19782170.0,19376940.0,21564890.0,159.65
145.52,145.77,146.87,146.7,146.07,146.87,145.12,144.61,144.94,19082170.0,21247590.0,24877950.0,145.13
117.25,116.86,118.18,117.38,117.76,118.21,116.33,113.8,117.45,24100150.0,19977160.0,24308210.0,116.81
93.37,93.0,94.0,93.77,93.45,94.07,92.59,91.85,92.68,32895650.0,43665160.0,35850220.0,93.33
106.34,105.93,105.52,107.65,106.5,106.47,105.14,105.19,104.96,35454230.0,43607120.0,34394830.0,105.25
160.86,160.5,162.09,162.05,161.15,162.24,159.89,158.53,160.36,31506890.0,28411740.0,21905160.0,162.61
218.55,220.0,221.03,220.94,221.5,222.49,218.83,217.14,217.19,19088310.0,22481010.0,31434370.0,220.54
113.0,113.69,111.64,114.64,113.18,113.39,113.43,112.34,111.55,29608390.0,24587490.0,29800240.0,113.16
120.93,121.15,122.14,121.39,121.63,122.35,120.62,120.66,121.6,47767760.0,30327110.0,20495340.0,127.03
187.74,189.49,186.55,190.06,190.37,187.4,187.45,187.65,185.22,26167950.0,27942430.0,23141260.0,189.01
209.98,205.55,205.97,206.01,210.12,210.06,202.25,206.75,204.13,34317760.0,25289270.0,33291640.0,199.0
200.85,199.2,198.68,200.14,201.0,200.74,196.21,198.44,198.18,27738580.0,20543190.0,21654750.0,198.58
315.31,323.52,304.3,324.76,319.64,313.49,318.95,313.63,302.22,29706720.0,34154130.0,43496400.0,322.57
112.71,113.06,112.46,114.31,113.05,113.37,112.63,112.28,111.8,29707270.0,21634520.0,36340670.0,113.4
194.99,191.9,194.61,192.2,195.19,195.96,189.07,190.1,193.61,20912890.0,23975350.0,19005150.0,190.3
116.04,115.19,117.64,115.39,116.94,117.69,112.85,115.51,115.08,46810020.0,29158640.0,46301930.0,112.18
108.78,110.42,109.72,112.19,110.0,109.9,110.27,108.2,108.88,37322930.0,25820460.0,25763840.0,109.51
113.46,111.4,113.65,112.35,113.77,114.23,111.23,110.53,113.2,28174980.0,43403760.0,26378910.0,110.98
191.63,193.9,199.0,194.48,197.18,199.85,185.93,191.45,193.79,60547340.0,46725710.0,50991030.0,188.39
106.96,108.58,107.59,108.7,109.43,107.69,107.18,106.86,106.18,25184090.0,30912260.0,26639930.0,107.01
141.41,141.88,141.48,142.0,142.04,141.88,140.45,141.11,140.87,17302160.0,14676420.0,16529130.0,141.22
171.39,169.71,170.1,171.26,172.48,171.0,169.38,169.92,169.7,21785180.0,22389660.0,22224400.0,171.25
97.2,96.86,96.05,98.23,98.02,96.76,96.65,96.58,95.25,35131460.0,28949760.0,27526040.0,97.65
95.2,94.0,94.2,94.07,95.9,95.74,92.68,93.82,93.68,35850220.0,40984160.0,56770080.0,93.37
204.0,205.79,204.05,206.5,205.88,205.09,202.36,203.7,203.27,20929310.0,18582160.0,14107450.0,203.65
185.18,184.99,178.25,186.22,187.67,184.25,183.67,184.75,178.17,28053230.0,42557530.0,56137230.0,186.55
300.46,303.22,295.06,305.17,303.24,301.0,301.97,298.87,294.46,28803760.0,35583440.0,36937800.0,305.64
177.3,177.25,177.3,177.3,179.44,177.78,173.2,176.82,176.6,51368540.0,32395870.0,27052000.0,174.51
111.29,110.93,110.82,112.1,111.52,112.45,110.49,109.56,110.68,37622200.0,44434220.0,32970790.0,111.78
151.78,153.8,149.99,154.72,153.92,151.83,153.54,151.69,149.16,25402270.0,35907770.0,44366140.0,153.89
160.11,159.51,158.47,159.77,160.5,160.97,158.44,158.0,158.0,20565620.0,28157630.0,48846060.0,157.9
227.03,227.93,225.82,230.44,227.79,228.06,227.3,225.64,224.33,28962980.0,19029420.0,29282700.0,232.95
112.46,112.71,113.16,113.05,113.37,113.8,112.28,111.8,111.8,21634520.0,36340670.0,35850010.0,113.06
218.06,219.79,217.86,223.36,221.26,219.74,218.94,217.43,213.0,28751540.0,32874330.0,32389280.0,215.83
182.66,180.29,176.73,180.33,182.8,181.29,177.03,177.7,174.93,39424260.0,41523580.0,45941750.0,184.46
247.42,248.97,243.16,249.75,249.25,246.73,242.57,246.72,242.88,35709870.0,24143240.0,18369300.0,244.76
266.6,267.27,265.58,268.25,268.0,267.98,263.45,265.9,265.31,23693550.0,11654360.0,16386120.0,258.31
127.98,128.31,127.03,129.19,129.39,130.49,128.16,127.78,127.01,24460160.0,33671250.0,111837300.0,129.13
248.97,244.76,247.42,245.3,249.75,249.25,241.21,242.57,246.72,31130520.0,35709870.0,24143240.0,247.24
98.69,97.32,98.53,98.48,99.12,99.35,96.75,97.1,98.48,31890740.0,37708360.0,31672220.0,97.82
105.93,105.25,106.34,107.29,107.65,106.5,105.21,105.14,105.19,32345430.0,35454230.0,43607120.0,106.48
116.86,116.81,117.25,116.91,117.38,117.76,116.28,116.33,113.8,22527690.0,24100150.0,19977160.0,117.1
157.05,156.07,159.28,157.4,157.21,159.75,155.69,155.02,156.16,20514810.0,26604140.0,69726440.0,157.06
195.41,200.2,196.31,203.53,199.56,198.07,199.39,193.82,194.04,27009520.0,33364400.0,35824790.0,201.3
111.36,111.13,111.95,111.87,111.51,112.42,110.95,110.33,111.4,11475920.0,27420550.0,25931710.0,111.43
153.97,153.17,153.42,153.33,154.17,154.43,152.22,152.38,153.33,16383610.0,24452750.0,20118620.0,153.58
172.63,170.43,174.3,172.14,172.92,174.87,168.44,167.16,171.86,41484540.0,41459120.0,26387240.0,169.95
155.94,153.6,156.01,154.57,156.06,156.65,149.71,154.72,155.05,50674280.0,19994270.0,25912270.0,151.27
135.67,135.1,135.52,135.83,135.9,136.27,135.1,134.84,134.62,22163280.0,22539860.0,35578640.0,136.23
255.6,246.5,250.74,248.72,262.49,255.52,239.13,252.0,249.4,44054640.0,49250500.0,41994110.0,240.34
215.83,222.6,219.79,224.23,223.25,223.36,214.54,214.7,218.94,39992120.0,38681170.0,28751540.0,217.71
214.05,214.84,212.0,216.44,214.42,213.97,211.07,212.51,211.51,27309400.0,19362290.0,23946880.0,213.86
209.22,211.75,210.16,213.81,210.74,210.56,211.47,208.33,208.26,27595310.0,28595230.0,20679270.0,213.44
110.08,110.31,108.53,111.72,110.51,110.25,109.7,109.46,108.11,24129630.0,32361930.0,30790930.0,109.88
111.34,114.0,110.8,115.58,114.17,111.75,113.7,110.82,110.11,42276880.0,48929200.0,29723750.0,114.33
219.19,211.15,215.9,215.18,219.69,220.19,209.27,206.09,212.67,36487930.0,45713690.0,47191700.0,216.88
93.13,94.29,96.52,95.94,95.7,96.92,93.93,93.04,93.69,44282560.0,53920550.0,46315620.0,95.92
152.5,152.88,151.29,153.7,153.97,154.53,151.51,150.86,149.63,26924630.0,35661200.0,45034370.0,150.85
179.26,178.54,179.1,179.78,180.62,180.48,172.66,178.05,178.16,48706170.0,37568080.0,38885510.0,172.8
117.05,116.55,118.75,116.79,118.11,118.81,114.22,116.08,116.86,41511380.0,33316990.0,34806250.0,115.29
169.03,170.49,167.5,171.0,170.44,170.2,168.82,168.91,166.46,23285760.0,25656110.0,28397810.0,169.2
218.01,224.94,220.95,225.0,224.3,221.85,219.84,216.56,216.47,49118510.0,35644510.0,39194720.0,223.52
313.59,316.27,311.85,318.74,315.7,315.5,315.0,312.09,309.55,34454120.0,27207250.0,30480880.0,317.19
141.6,141.91,142.94,142.38,142.15,143.35,141.05,141.01,140.06,17775510.0,20320420.0,30341520.0,141.48
282.4,287.38,280.0,288.2,286.33,288.25,282.35,280.63,278.05,39281290.0,32788640.0,48748670.0,284.69
112.23,112.17,107.09,113.31,113.24,109.89,111.54,110.02,105.05,53075960.0,83825220.0,96531890.0,112.03
157.23,159.29,156.91,163.6,157.83,157.55,158.7,156.78,155.27,44387770.0,16916650.0,21175670.0,163.89
110.63,111.74,109.88,111.77,111.74,111.37,109.41,109.77,109.07,46717770.0,48702200.0,52033100.0,110.19
172.23,173.41,173.0,175.0,173.92,174.0,173.04,171.7,171.53,22858840.0,22401040.0,28567110.0,174.78
143.78,143.66,143.32,146.74,144.5,144.48,143.66,142.2,142.21,32203640.0,50264540.0,31642900.0,146.87
172.48,169.06,169.95,171.52,172.62,171.67,168.4,169.63,168.5,27315530.0,32512580.0,39735110.0,167.5
217.79,218.5,222.15,219.62,221.85,222.95,215.3,217.12,217.27,26869880.0,31495630.0,36810120.0,220.24
146.52,146.76,145.59,148.98,147.14,147.49,146.76,145.81,144.27,27254850.0,23345970.0,45579740.0,149.03
115.4,116.93,118.08,119.3,116.54,118.13,116.06,113.99,114.92,85436210.0,67673450.0,66139770.0,118.7
113.65,113.46,113.87,113.77,114.23,115.21,110.53,113.2,113.45,43403760.0,26378910.0,36792100.0,111.4
240.34,242.8,246.5,245.7,245.15,248.72,238.97,236.9,239.13,32470020.0,41483490.0,44054640.0,250.9
191.08,191.52,189.53,192.65,191.84,191.41,190.42,190.9,189.31,15009800.0,12506830.0,18000180.0,189.75
199.46,199.54,198.58,203.38,201.37,199.85,198.61,198.56,198.01,28865310.0,25668330.0,17524150.0,203.12
321.47,324.19,323.6,326.22,327.22,323.9,323.35,321.47,318.71,23686890.0,28432570.0,23580780.0,324.74
150.58,151.8,149.99,153.84,152.44,150.44,151.8,149.9,148.88,18798250.0,21466370.0,25111310.0,153.35
144.49,144.71,145.01,145.13,146.11,146.16,142.28,143.16,143.62,31450520.0,22052920.0,24725210.0,144.45
191.55,190.03,192.42,190.16,191.57,192.88,188.26,190.22,190.44,61438290.0,21584720.0,21480120.0,187.88
149.2,150.48,148.82,151.42,150.13,150.9,149.95,148.67,148.57,20859830.0,17837130.0,23765710.0,151.5
100.56,98.68,105.75,100.13,102.37,105.85,96.43,99.87,102.41,80742460.0,68384270.0,55583140.0,98.55
129.08,130.97,127.74,132.97,129.62,128.57,130.7,128.31,127.35,55204920.0,45970470.0,35987630.0,132.85
262.74,268.7,270.8,270.07,267.37,271.7,264.7,261.23,259.0,40529120.0,42223820.0,50721830.0,268.31
247.39,247.18,239.77,251.83,252.84,250.0,228.0,242.61,237.12,100423300.0,67964260.0,75058410.0,228.08
304.3,315.31,320.93,319.64,313.49,322.68,313.63,302.22,308.29,34154130.0,43496400.0,49897100.0,323.52
143.72,143.71,144.19,144.12,144.27,144.5,143.05,143.01,143.5,19970040.0,19576480.0,21189000.0,143.25
95.1,97.06,98.41,97.88,98.19,98.65,94.94,93.42,95.5,52099200.0,72274300.0,52960810.0,98.63
296.24,297.15,289.93,300.58,300.6,293.68,296.5,295.19,289.52,36633880.0,33911860.0,25247630.0,293.79
135.91,137.14,137.38,137.44,136.66,137.48,136.28,135.28,136.3,20222210.0,21754600.0,20762360.0,137.08
141.5,139.39,141.26,141.22,141.74,141.58,138.62,140.35,140.61,23531670.0,22355140.0,20299310.0,140.91
119.4,120.45,120.0,120.45,120.09,120.5,119.73,119.37,119.71,29922650.0,25554290.0,23687350.0,120.0
142.11,139.85,140.4,141.6,142.8,141.5,139.76,139.73,140.23,25804820.0,39461130.0,21258100.0,141.26
93.48,92.72,93.33,92.78,93.57,93.57,89.47,92.46,92.11,76183460.0,28641180.0,33653020.0,90.0
140.0,138.78,137.89,139.83,140.28,140.15,138.59,138.76,137.6,21555370.0,26170690.0,36362440.0,139.37
344.72,333.25,349.31,345.68,347.8,351.06,332.58,334.22,335.48,34702230.0,50036510.0,50415610.0,351.46
205.79,203.65,204.0,207.23,206.5,205.88,203.61,202.36,203.7,22277930.0,20929310.0,18582160.0,208.46
163.8,163.64,160.1,164.52,163.89,163.12,163.48,162.61,160.0,26729940.0,27215770.0,29451050.0,164.8
187.25,186.12,186.35,186.15,188.35,187.2,184.7,184.94,185.73,27185130.0,25649240.0,20490090.0,183.4
139.25,138.85,138.74,139.43,139.36,138.79,138.82,138.64,137.05,17048800.0,19578920.0,22117750.0,139.3
244.76,247.24,248.97,249.17,245.3,249.75,237.26,241.21,242.57,34790520.0,31130520.0,35709870.0,249.54
105.8,105.66,106.62,106.57,106.5,107.44,105.64,105.5,106.29,31639010.0,24817940.0,24900130.0,106.14
173.16,174.59,174.55,175.49,174.3,175.06,174.49,173.0,173.41,18653380.0,23751690.0,21532200.0,176.18
95.0,95.86,95.42,97.33,96.84,96.04,95.19,94.08,94.28,46418230.0,45870130.0,37190500.0,96.52
126.2,125.32,121.99,125.74,127.09,125.5,123.9,125.06,121.99,42090320.0,50832950.0,115288400.0,123.09
115.19,112.18,116.04,112.68,115.39,116.94,109.79,112.85,115.51,64678220.0,46810020.0,29158640.0,111.94
155.19,145.74,155.25,146.09,155.19,155.54,142.51,146.02,154.4,72187710.0,64782910.0,21144040.0,147.16
93.97,94.2,93.99,95.74,94.08,94.72,93.68,92.4,92.51,56770080.0,47844490.0,68388840.0,95.2
190.0,178.37,190.5,181.47,190.7,194.97,175.51,184.99,189.46,67678680.0,41626820.0,36191330.0,179.73
207.67,208.89,208.46,209.24,209.15,208.91,206.73,207.17,207.29,13909560.0,14991570.0,18355210.0,207.48
122.14,120.93,121.67,121.63,122.35,122.44,120.66,121.6,121.6,30327110.0,20495340.0,26320740.0,121.15
96.25,95.94,94.94,96.29,96.89,96.35,95.25,95.35,94.68,32042290.0,29124140.0,35407050.0,92.91
159.26,159.9,158.6,160.0,161.27,161.83,154.63,159.11,158.27,39636190.0,26060430.0,36127490.0,156.6
153.75,149.89,153.35,150.23,153.99,153.93,149.19,147.3,153.06,17192770.0,32429770.0,15649120.0,149.9
175.24,175.04,177.32,175.09,176.8,177.47,171.26,174.94,173.66,36387880.0,19620520.0,32931110.0,170.0
115.8,115.85,116.65,116.51,116.33,117.2,115.75,114.76,115.43,21081620.0,28769220.0,30555900.0,115.92
220.54,220.9,220.0,224.58,220.96,220.94,220.79,217.28,218.83,26318580.0,25361290.0,19088310.0,225.07
141.88,141.22,141.41,142.92,142.0,142.04,141.16,140.45,141.11,23294040.0,17302160.0,14676420.0,142.44
154.97,155.81,154.18,156.73,155.49,155.44,155.49,154.56,154.05,16243080.0,17223790.0,21215870.0,156.06
100.55,100.32,98.97,101.19,100.69,99.06,97.3,98.84,97.34,62285770.0,49046150.0,49687870.0,97.96
121.85,121.11,123.13,121.81,122.69,123.82,120.62,120.18,121.62,33009110.0,39483400.0,44829060.0,120.96
96.67,98.84,95.02,98.89,98.21,96.85,96.09,96.15,94.61,38866100.0,44811800.0,48032600.0,96.0
276.28,273.61,277.95,277.9,277.25,281.68,272.2,265.43,276.85,29264340.0,45247890.0,32503750.0,275.87
221.38,218.95,222.01,219.84,222.56,223.76,217.65,217.47,220.37,19419650.0,57977090.0,22187880.0,221.03
178.61,177.3,179.37,177.78,179.58,180.1,176.6,177.41,178.25,27052000.0,31306390.0,31087330.0,177.3
98.92,98.7,97.39,100.13,99.3,98.99,98.6,98.5,97.32,36464530.0,30031410.0,38885980.0,99.56
168.07,173.68,168.39,175.15,173.1,169.92,166.92,166.44,164.94,39824200.0,36778560.0,40984540.0,167.25
263.69,262.59,265.54,263.18,264.01,266.08,260.84,261.18,260.4,16331260.0,30348780.0,26609920.0,262.71
265.58,266.6,266.94,268.0,267.98,267.16,265.9,265.31,262.5,11654360.0,16386120.0,26334880.0,267.27
205.97,209.98,201.92,210.12,210.06,204.72,206.75,204.13,201.69,25289270.0,33291640.0,31774720.0,205.55
200.2,201.3,195.41,202.76,203.53,199.56,199.29,199.39,193.82,24619750.0,27009520.0,33364400.0,199.62
197.77,200.29,198.43,201.57,200.99,199.26,199.57,197.35,195.29,20899720.0,26067510.0,21070330.0,198.68
167.17,166.0,166.87,166.8,168.62,168.44,160.1,166.76,166.5,85957050.0,44453230.0,32234520.0,159.1
174.67,173.87,175.94,174.44,175.49,176.0,172.02,173.94,174.54,24755470.0,20755140.0,19238480.0,170.32
174.94,174.24,179.73,174.95,176.6,180.27,170.26,172.1,176.55,44662320.0,23623970.0,31096240.0,171.51
112.83,110.17,113.85,111.54,113.51,114.57,108.73,107.86,112.44,66300930.0,73230280.0,51861990.0,109.07
155.48,155.79,154.11,156.33,158.13,154.48,153.66,154.32,151.74,26147280.0,33508960.0,25418110.0,156.25
247.51,239.77,241.95,250.0,257.61,259.08,237.12,238.4,240.0,75058410.0,81013970.0,80605870.0,247.39
117.33,118.18,117.88,118.21,117.84,118.17,117.45,116.78,117.13,24308210.0,23583810.0,35626020.0,117.25
191.78,190.68,189.69,191.96,192.43,192.55,189.56,190.17,189.69,15955820.0,20670830.0,20182050.0,192.45
267.9,265.54,265.8,266.08,268.0,267.43,260.4,265.39,264.23,26609920.0,19069600.0,21700900.0,263.69
107.12,107.71,111.09,107.81,108.87,111.09,104.08,106.55,105.83,50901380.0,34117030.0,57097740.0,106.57
322.57,322.37,323.52,323.4,325.22,324.76,318.0,320.26,318.95,29421010.0,26356390.0,29706720.0,314.18
154.2,157.5,153.08,157.88,157.66,155.88,155.98,153.26,153.0,33259460.0,29616190.0,30483120.0,156.41
222.3,217.86,218.93,219.74,222.64,222.99,213.0,219.34,216.76,32389280.0,22692880.0,28802550.0,218.06
347.9,349.31,332.14,351.06,354.77,345.61,335.48,346.09,332.01,50415610.0,41662940.0,36928090.0,344.72
115.8,116.74,116.47,117.5,117.38,116.5,116.68,115.75,115.65,21337310.0,27756760.0,44284660.0,116.8
299.84,297.16,293.79,304.44,300.9,299.96,297.16,297.48,292.75,33090950.0,27877660.0,29644640.0,307.24
171.04,170.29,171.18,170.56,171.39,171.87,169.56,169.64,170.3,16041550.0,21884010.0,23598650.0,170.78
293.79,299.84,297.15,300.9,299.96,300.58,297.48,292.75,296.5,27877660.0,29644640.0,36633880.0,297.16
107.01,102.61,108.58,105.37,107.03,108.7,102.0,104.82,107.18,67569090.0,40885480.0,25184090.0,105.75
154.89,143.98,158.53,145.72,158.85,159.36,142.0,154.23,156.48,91106840.0,35637070.0,34499390.0,144.53
165.45,165.38,169.0,167.53,168.35,169.08,164.39,162.73,165.28,33753490.0,43250420.0,40620360.0,166.0
270.0,268.6,267.48,270.07,270.8,271.0,265.86,264.91,267.3,22632380.0,32182650.0,26547490.0,268.81
218.5,220.24,217.79,222.28,219.62,221.85,219.15,215.3,217.12,26388050.0,26869880.0,31495630.0,220.78
177.81,174.95,176.49,175.39,178.82,178.94,172.66,176.88,176.41,34693280.0,20544600.0,26575010.0,170.6
118.75,117.05,117.99,118.11,118.81,119.41,116.08,116.86,117.75,33316990.0,34806250.0,38063130.0,116.55
102.65,107.51,104.64,108.79,105.72,105.72,107.24,102.53,103.13,62080160.0,45114590.0,46461610.0,108.73
111.43,110.78,111.13,112.03,112.47,111.87,110.07,111.39,110.95,28507780.0,27054320.0,11475920.0,111.6
210.62,210.88,204.28,213.35,212.73,207.16,210.32,210.03,203.84,26919530.0,24431920.0,28813620.0,212.99
175.21,177.91,172.8,178.25,177.74,176.3,176.13,174.52,172.45,23273160.0,27825140.0,38426060.0,174.94
310.6,311.64,307.24,317.07,312.67,310.43,311.15,308.25,306.2,30521720.0,35217270.0,42621540.0,316.7
171.8,171.58,171.19,173.0,172.37,173.32,171.38,170.3,170.99,18890250.0,17154540.0,25323890.0,174.16
145.1,147.54,144.09,148.09,147.2,144.3,146.84,144.96,143.27,44182930.0,33498270.0,20783460.0,145.59
176.49,177.81,175.03,178.82,178.94,176.19,176.88,176.41,174.83,20544600.0,26575010.0,21561320.0,174.95
236.36,250.75,228.08,258.25,247.69,228.5,244.3,234.3,212.61,75900510.0,71882770.0,84188210.0,246.52
176.35,179.1,173.67,180.48,179.39,175.65,178.16,176.21,173.54,38885510.0,37353670.0,33772050.0,179.26
98.53,98.69,98.5,99.12,99.35,99.99,97.1,98.48,98.46,37708360.0,31672220.0,26575570.0,97.32
122.6,121.5,122.32,122.57,122.64,122.57,117.52,120.91,121.71,69639900.0,42832890.0,33400950.0,117.42
284.82,291.12,284.69,293.97,289.98,284.89,288.12,284.7,282.92,36592940.0,23334000.0,12119710.0,289.46
219.75,221.0,216.82,223.75,222.82,221.26,219.76,219.7,216.63,23430370.0,22811140.0,27581270.0,223.82
116.26,115.2,116.37,115.57,116.82,117.42,112.27,115.65,115.21,45555300.0,32461350.0,45179400.0,111.38
332.14,347.9,330.25,354.77,345.61,333.6,346.09,332.01,327.32,41662940.0,36928090.0,23913630.0,349.31
109.81,109.72,106.7,110.54,110.35,110.23,109.66,108.83,106.6,28310840.0,27623150.0,58724080.0,110.12
171.58,174.16,171.8,175.87,173.0,172.37,173.95,171.38,170.3,21846400.0,18890250.0,17154540.0,173.71
318.66,315.77,316.68,319.23,320.89,319.52,315.35,315.87,316.2,20450750.0,25672210.0,27876220.0,323.5
217.86,218.06,222.3,221.26,219.74,222.64,217.43,213.0,219.34,32874330.0,32389280.0,22692880.0,219.79
96.52,93.13,95.86,95.7,96.92,97.33,93.04,93.69,95.19,53920550.0,46315620.0,46418230.0,94.29
171.05,170.1,168.99,171.0,171.21,170.66,169.7,169.25,168.42,22224400.0,20940020.0,23793830.0,171.39
157.07,158.5,160.29,163.89,157.89,161.0,157.51,150.24,155.03,60774900.0,70583530.0,54145930.0,161.95
96.0,94.94,96.62,96.35,96.57,96.65,94.68,95.03,95.3,35407050.0,34355970.0,60793260.0,96.25
111.94,111.07,112.18,111.99,112.8,112.68,108.8,110.35,109.79,56157370.0,53168580.0,64678220.0,112.02
156.07,157.06,157.05,158.92,157.4,157.21,156.67,155.69,155.02,21827400.0,20514810.0,26604140.0,158.6
185.23,184.1,182.99,186.21,187.28,186.53,183.8,184.03,182.54,17352380.0,24987260.0,24378480.0,186.29
97.61,93.99,96.0,94.72,97.88,98.71,92.51,94.25,95.68,68388840.0,82107120.0,114436300.0,93.97
172.05,172.83,172.36,174.12,174.26,174.82,171.01,171.42,171.77,37378070.0,33690660.0,40113790.0,171.8
165.0,171.66,173.49,171.79,170.09,174.49,167.0,163.33,168.3,45968040.0,61759000.0,41678680.0,170.4
264.89,241.95,255.94,259.08,279.92,270.0,240.0,252.95,248.0,80605870.0,92683030.0,104618500.0,247.51
117.52,116.45,116.52,117.11,118.02,117.8,116.4,116.2,116.49,14979680.0,20686510.0,18131970.0,116.65
287.38,284.69,282.4,286.95,288.2,286.33,276.86,282.35,280.63,53812480.0,39281290.0,32788640.0,277.95
324.39,323.35,324.66,331.75,325.62,326.2,323.23,320.78,322.3,34312550.0,21890090.0,26122800.0,330.25
183.9,184.85,182.25,187.33,184.1,183.3,183.74,182.56,180.92,39017490.0,23527660.0,30929740.0,185.8
98.97,100.55,98.55,100.69,99.06,99.11,98.84,97.34,96.76,49046150.0,49687870.0,70722000.0,100.32
112.11,108.89,111.62,108.95,112.3,112.39,106.94,109.73,111.33,60784920.0,46873670.0,25364920.0,107.88
120.99,119.87,118.7,121.36,121.22,120.69,119.61,119.45,118.27,32152870.0,49305220.0,51106100.0,120.79
171.25,169.71,169.71,171.44,171.7,171.26,169.49,169.75,169.38,18958570.0,24603320.0,21785180.0,171.19
177.95,176.23,176.42,177.99,179.23,179.35,174.99,176.67,176.0,27043580.0,21218410.0,28481170.0,175.6
153.42,153.97,154.0,154.17,154.43,154.24,152.38,153.33,153.31,24452750.0,20118620.0,21895020.0,153.17
116.8,116.35,116.74,116.51,117.4,117.5,115.64,116.78,116.68,26043820.0,23724430.0,21337310.0,115.59
297.16,307.24,299.84,310.43,304.44,300.9,306.2,297.16,297.48,42621540.0,33090950.0,27877660.0,310.6
208.46,207.67,203.65,209.15,208.91,207.23,207.17,207.29,203.61,14991570.0,18355210.0,22277930.0,208.89
111.79,116.58,110.27,116.89,114.21,113.28,114.86,111.76,109.9,58279570.0,49793750.0,62800770.0,115.93
120.0,119.55,120.45,120.1,120.81,120.45,119.5,119.77,119.73,23191150.0,21982000.0,29922650.0,120.42
182.99,185.23,183.4,187.28,186.53,184.92,184.03,182.54,180.73,24987260.0,24378480.0,31632320.0,184.1
110.37,109.17,111.6,110.09,110.94,112.2,108.85,109.03,110.27,26481320.0,37034520.0,36151450.0,110.0
175.48,177.96,174.94,180.0,177.12,175.85,177.39,175.07,174.27,32130360.0,24518850.0,31686450.0,180.29
226.51,228.41,223.25,229.18,228.87,228.26,226.63,226.0,222.4,27363960.0,43177540.0,48696960.0,228.99
137.38,135.91,136.43,136.66,137.48,137.12,135.28,136.3,136.11,21754600.0,20762360.0,20769030.0,137.14
186.29,183.82,184.1,187.3,187.19,186.21,183.42,182.91,183.8,17675210.0,22551660.0,17352380.0,187.79
171.66,170.4,165.0,171.92,171.79,170.09,169.02,167.0,163.33,35474680.0,45968040.0,61759000.0,170.49
170.49,169.2,169.03,172.89,171.0,170.44,168.79,168.82,168.91,34260890.0,23285760.0,25656110.0,172.15
116.55,115.29,117.05,119.25,116.79,118.11,115.11,114.22,116.08,57717870.0,41511380.0,33316990.0,118.98
203.12,202.83,199.54,204.94,204.15,203.38,202.34,202.52,198.61,17841920.0,24185530.0,28865310.0,204.43
123.09,123.38,125.32,123.91,123.61,125.74,122.55,122.12,123.9,33570380.0,44371580.0,42090320.0,123.15
156.89,156.29,156.61,157.42,157.69,157.75,156.2,155.5,155.96,17633730.0,21888930.0,23907540.0,156.91
96.31,96.4,96.0,96.5,96.9,96.76,94.55,95.92,95.8,31851180.0,34240470.0,35290570.0,93.98
163.25,166.11,156.25,169.0,166.15,158.13,164.56,160.23,154.11,40613260.0,60800480.0,39914850.0,166.96
119.27,117.33,119.2,119.35,119.73,119.92,117.12,117.34,118.85,42747950.0,32445680.0,34135230.0,119.21
99.93,96.04,101.52,96.63,100.88,101.53,93.34,98.07,99.21,133059000.0,71937310.0,51529980.0,93.79
112.03,110.15,112.17,111.88,114.53,113.31,107.36,112.0,111.54,76562170.0,56111590.0,53075960.0,110.23
175.49,180.0,170.32,182.67,179.12,173.07,179.37,175.35,169.5,32416800.0,31123000.0,23985960.0,182.25
105.25,106.48,105.93,107.07,107.29,107.65,105.9,105.21,105.14,25686350.0,32345430.0,35454230.0,105.47
118.34,120.0,119.11,120.5,120.24,119.62,119.71,118.22,118.81,23687350.0,34412090.0,26083030.0,119.4
147.16,147.5,145.74,147.5,147.45,146.09,143.84,145.15,142.51,31454590.0,34089190.0,72187710.0,143.32
163.89,167.9,159.29,169.65,168.07,163.6,166.94,163.72,158.7,35779520.0,44651420.0,44387770.0,169.87
185.22,184.66,183.52,185.71,188.0,184.35,182.55,184.7,180.28,29748560.0,28364850.0,38612290.0,179.8
189.5,190.71,185.42,191.28,190.68,188.43,190.18,189.3,185.2,15801370.0,19636390.0,17426160.0,188.5
180.32,178.5,182.59,180.24,180.52,183.5,178.07,177.81,179.24,22676520.0,29334630.0,31464170.0,178.65
111.13,111.43,111.36,112.47,111.87,111.51,111.39,110.95,110.33,27054320.0,11475920.0,27420550.0,110.78
96.86,97.65,97.2,100.77,98.23,98.02,97.42,96.65,96.58,50303500.0,35131460.0,28949760.0,100.51
132.85,121.99,130.97,125.5,132.92,132.97,121.99,130.32,130.7,115288400.0,73006780.0,55204920.0,126.2
169.95,172.48,170.43,172.62,171.67,172.14,169.63,168.5,168.44,32512580.0,39735110.0,41484540.0,169.06
353.25,360.08,364.41,365.98,362.17,365.32,360.0,351.28,353.02,35055820.0,32661520.0,51314210.0,365.12
137.08,137.89,137.14,140.15,137.44,137.44,137.6,136.7,136.28,36362440.0,23446340.0,20222210.0,140.0
174.94,175.48,177.91,177.12,175.85,178.25,175.07,174.27,176.13,24518850.0,31686450.0,23273160.0,177.96
193.06,194.61,192.45,195.96,194.85,193.66,193.61,192.43,192.05,19005150.0,16553500.0,18680930.0,194.99
199.62,201.02,201.3,212.14,202.05,202.76,200.83,199.15,199.29,47539790.0,22481890.0,24619750.0,203.16
188.77,188.23,186.35,189.65,188.84,188.5,187.65,186.21,185.76,17186760.0,23129400.0,19966590.0,187.6
176.42,177.95,178.92,179.23,179.35,180.59,176.67,176.0,177.91,21218410.0,28481170.0,27948160.0,176.23
97.06,98.63,95.1,101.46,97.88,98.19,98.37,94.94,93.42,65648660.0,52099200.0,72274300.0,101.52
330.25,332.14,323.35,345.61,333.6,331.75,332.01,327.32,323.23,36928090.0,23913630.0,34312550.0,347.9
211.75,213.44,209.22,217.95,213.81,210.74,213.16,211.47,208.33,35034410.0,27595310.0,28595230.0,218.1
114.31,115.39,117.95,115.86,115.7,118.36,114.1,113.31,117.31,31396130.0,66028640.0,46820600.0,113.87
153.63,154.18,154.01,155.44,153.86,155.09,154.05,152.46,153.91,21215870.0,20088940.0,16216800.0,154.97
173.21,174.32,173.71,174.91,175.0,175.3,172.92,172.73,173.17,27953810.0,27817640.0,16991610.0,174.28
311.64,316.7,310.6,317.57,317.07,312.67,312.17,311.15,308.25,40653460.0,30521720.0,35217270.0,311.85
201.9,200.4,205.88,201.68,205.34,207.42,196.66,201.75,200.83,34908610.0,26339500.0,38763700.0,197.42
206.05,207.28,209.32,209.78,207.81,209.5,207.2,204.52,206.76,23389530.0,22493750.0,25525650.0,207.36
221.16,218.93,220.42,222.99,221.83,222.88,216.76,217.27,216.84,28802550.0,30280450.0,39494770.0,222.3
186.93,183.52,189.91,184.35,190.9,192.47,180.28,186.76,188.84,38612290.0,32879090.0,33031360.0,185.22
164.8,163.75,163.64,164.25,164.94,164.52,160.56,163.63,163.48,29491910.0,16564340.0,26729940.0,162.71
154.18,154.97,153.63,155.49,155.44,153.86,154.56,154.05,152.46,17223790.0,21215870.0,20088940.0,155.81
257.26,282.28,281.1,301.44,278.41,286.0,277.72,256.37,272.96,85349340.0,106721200.0,80151380.0,303.67
297.26,300.95,318.62,302.53,304.18,320.45,286.13,289.23,310.5,57668360.0,55548830.0,32426420.0,286.53
94.64,94.64,94.16,95.43,94.64,95.21,94.52,93.57,93.89,31834020.0,30417880.0,42009830.0,95.87
112.95,115.97,117.42,116.5,117.44,117.7,114.12,112.1,113.25,52828890.0,99202400.0,123601900.0,114.58
188.5,189.53,190.71,191.41,189.78,191.28,189.31,187.61,190.18,18000180.0,18776390.0,15801370.0,191.08
183.82,187.79,186.29,187.95,187.3,187.19,183.54,183.42,182.91,13954810.0,17675210.0,22551660.0,185.26
177.91,174.94,175.21,175.85,178.25,177.74,174.27,176.13,174.52,31686450.0,23273160.0,27825140.0,175.48
187.19,188.0,188.0,189.27,187.81,188.91,186.91,186.13,186.36,18383080.0,18083080.0,17014490.0,188.38
222.21,223.64,227.96,227.27,224.8,228.41,222.25,220.2,220.58,26656630.0,28784550.0,33507770.0,225.46
93.98,96.05,96.4,96.76,96.38,96.5,95.25,93.32,94.55,27526040.0,36192150.0,31851180.0,97.2
190.5,190.0,188.39,190.7,194.97,191.97,184.99,189.46,186.9,41626820.0,36191330.0,46271660.0,178.37
191.78,189.69,189.75,192.55,191.8,191.87,189.69,189.93,189.2,20182050.0,16365720.0,15515000.0,191.78
153.58,154.34,153.17,154.45,155.45,153.33,153.46,152.89,152.22,25277680.0,27715140.0,16383610.0,153.9
183.52,185.22,186.93,188.0,184.35,190.9,184.7,180.28,186.76,28364850.0,38612290.0,32879090.0,184.66
204.28,210.62,203.46,212.73,207.16,205.14,210.03,203.84,199.67,24431920.0,28813620.0,27883360.0,210.88
98.84,96.0,96.67,96.76,98.89,98.21,95.8,96.09,96.15,35290570.0,38866100.0,44811800.0,96.31
107.25,104.64,107.83,105.72,107.27,108.76,103.13,105.24,107.07,46461610.0,52955310.0,42250480.0,102.65
131.35,131.65,130.54,132.45,132.22,132.09,131.12,131.22,130.45,28321440.0,22941650.0,38158410.0,132.46
105.0,103.91,105.01,105.3,105.65,106.48,103.91,104.51,104.62,52979780.0,27997990.0,33655810.0,96.0
323.6,321.47,314.18,327.22,323.9,321.55,321.47,318.71,313.85,28432570.0,23580780.0,27337220.0,324.19
312.15,304.51,317.83,309.79,315.95,319.69,301.53,303.21,310.91,39732270.0,50155640.0,40575260.0,300.35
147.5,143.32,147.16,144.48,147.5,147.45,142.21,143.84,145.15,31642900.0,31454590.0,34089190.0,143.78
204.3,201.92,209.55,204.72,204.39,213.65,201.69,198.17,205.43,31774720.0,66072170.0,91046560.0,205.97
94.16,94.64,94.55,94.64,95.21,94.7,93.57,93.89,93.01,30417880.0,42009830.0,46858910.0,94.64
157.9,155.8,159.51,155.8,158.26,159.77,152.75,153.83,158.44,37350060.0,52126240.0,20565620.0,152.02
186.51,191.81,183.08,195.37,191.92,185.47,191.62,185.77,182.15,26220850.0,30684390.0,22526310.0,194.86
108.91,108.97,109.95,110.61,109.77,110.42,108.83,108.17,108.12,29357940.0,23553790.0,31735810.0,109.34
207.48,208.46,208.89,210.64,209.73,209.24,208.44,207.14,206.73,21673390.0,17618870.0,13909560.0,208.76
300.35,313.17,304.51,316.5,307.9,309.79,310.32,300.21,301.53,33843130.0,41587090.0,39732270.0,315.03
233.37,235.09,236.39,236.15,235.24,237.65,233.52,233.2,234.88,17272900.0,19286690.0,23040480.0,234.59
222.01,221.38,221.06,222.56,223.76,222.85,217.47,220.37,219.44,57977090.0,22187880.0,25643090.0,218.95
159.65,160.14,160.43,162.0,160.56,160.74,159.93,159.27,158.55,25649890.0,25184600.0,19782170.0,160.1
204.59,204.05,204.09,205.09,206.11,205.87,203.27,203.5,204.0,14107450.0,16866820.0,16947420.0,204.0
110.17,109.07,112.83,109.62,111.54,113.51,107.31,108.73,107.86,63849470.0,66300930.0,73230280.0,108.01
319.25,317.75,316.77,322.35,321.15,323.44,317.21,316.47,315.63,20254650.0,38399530.0,33449100.0,320.75
149.99,151.78,152.02,153.92,151.83,152.27,151.69,149.16,150.56,35907770.0,44366140.0,46575410.0,153.8
170.97,169.88,172.58,173.09,172.48,174.23,169.85,168.2,172.08,28976200.0,34949690.0,26750260.0,173.0
174.88,175.03,173.63,175.39,177.2,174.17,174.09,174.86,172.46,27393660.0,29385650.0,40122100.0,174.87
153.63,152.45,153.87,154.07,153.94,154.88,152.31,152.11,153.45,27236290.0,25779060.0,38907940.0,154.7
115.97,114.58,112.95,116.25,116.5,117.44,114.5,114.12,112.1,38610120.0,52828890.0,99202400.0,116.53
95.86,96.52,95.0,96.92,97.33,96.84,93.69,95.19,94.08,46315620.0,46418230.0,45870130.0,93.13
120.96,116.9,121.11,118.07,121.81,121.81,116.06,120.05,120.62,59029400.0,33829290.0,33009110.0,116.37
108.86,108.59,108.77,109.32,109.1,109.69,108.53,107.85,108.36,21236850.0,25784420.0,25108890.0,108.57
128.31,129.13,127.98,130.5,129.19,129.39,128.9,128.16,127.78,26784530.0,24460160.0,33671250.0,130.54
204.29,205.88,210.89,207.42,208.84,211.84,200.83,203.5,210.23,38763700.0,32443110.0,20892380.0,201.9
113.25,116.44,113.63,116.69,115.5,114.72,114.02,112.37,113.3,56005550.0,50061580.0,35678360.0,113.85
105.52,106.34,104.61,106.5,106.47,106.31,105.19,104.96,104.59,43607120.0,34394830.0,38236730.0,105.93
208.76,216.42,208.46,221.37,210.16,210.64,211.3,207.31,208.44,69281360.0,33935720.0,21673390.0,213.9
250.75,246.52,236.36,258.68,258.25,247.69,246.36,244.3,234.3,63140170.0,75900510.0,71882770.0,252.75
224.79,227.95,223.82,229.42,225.84,226.44,226.35,224.02,223.54,23171020.0,22560440.0,29729270.0,227.25
191.39,192.42,191.35,192.88,192.61,191.97,190.44,191.15,190.21,21480120.0,16859020.0,18069930.0,191.55
188.95,189.83,188.75,190.08,189.56,189.76,188.54,187.53,186.55,23524830.0,20710390.0,29771210.0,191.64
275.87,277.2,273.61,283.01,281.75,277.9,277.0,274.87,272.2,31627180.0,31203580.0,29264340.0,281.8
223.82,224.79,221.0,225.84,226.44,223.75,224.02,223.54,219.76,22560440.0,29729270.0,23430370.0,227.95
93.79,94.19,95.92,94.5,94.72,96.35,93.01,92.59,94.1,40323020.0,49979700.0,42288790.0,95.02
351.34,364.0,354.64,372.38,359.46,356.56,362.27,351.15,345.15,53038870.0,33861320.0,66118950.0,365.0
201.02,203.16,199.62,206.44,212.14,202.05,202.59,200.83,199.15,36547440.0,47539790.0,22481890.0,203.46
123.13,121.85,120.79,122.69,123.82,123.49,120.18,121.62,120.7,39483400.0,44829060.0,45479260.0,121.11
144.19,143.72,143.68,144.27,144.5,144.49,143.01,143.5,143.19,19576480.0,21189000.0,29174040.0,143.71
155.25,155.19,155.02,155.19,155.54,155.98,146.02,154.4,154.48,64782910.0,21144040.0,21017560.0,145.74
155.97,156.35,156.06,157.37,156.98,158.0,155.73,155.75,155.1,16380570.0,16861450.0,15603520.0,156.73
109.63,109.1,108.14,109.37,110.23,109.54,108.34,109.21,108.08,25328680.0,33754680.0,25704330.0,109.23
111.95,111.36,110.12,111.51,112.42,111.99,110.33,111.4,110.01,27420550.0,25931710.0,29164190.0,111.13
130.54,131.35,129.13,132.22,132.09,130.5,131.22,130.45,128.9,22941650.0,38158410.0,26784530.0,131.65
106.14,107.7,105.66,108.0,106.8,106.57,106.82,105.62,105.64,26393770.0,26675250.0,31639010.0,107.9
281.1,257.26,286.53,278.41,286.0,297.88,256.37,272.96,286.5,106721200.0,80151380.0,49678430.0,282.28
113.76,110.27,111.65,113.28,114.02,112.56,109.9,109.77,110.32,62800770.0,84757780.0,54507300.0,111.79
174.65,172.4,172.86,173.94,175.57,175.08,170.34,172.85,172.35,31644240.0,28204640.0,36054570.0,168.99
187.71,186.41,197.42,189.7,189.48,198.85,185.41,182.85,192.77,36529680.0,57430620.0,41208710.0,186.27
116.44,113.85,113.25,114.57,116.69,115.5,112.44,114.02,112.37,51861990.0,56005550.0,50061580.0,112.83
156.86,148.15,160.4,151.55,158.16,162.11,146.59,149.63,155.3,37169230.0,95497900.0,64398230.0,148.3
203.17,201.41,198.68,203.13,204.49,199.5,201.36,200.65,197.05,16935220.0,27316740.0,31110640.0,203.28
160.29,157.07,163.09,157.89,161.0,163.4,150.24,155.03,159.07,70583530.0,54145930.0,51467440.0,158.5
137.89,140.0,137.08,140.28,140.15,137.44,138.76,137.6,136.7,26170690.0,36362440.0,23446340.0,138.78
179.37,178.61,176.15,179.58,180.1,179.25,177.41,178.25,175.07,31306390.0,31087330.0,34260230.0,177.3
120.42,121.67,119.55,122.44,122.1,120.1,121.6,120.28,119.5,26320740.0,32417410.0,23191150.0,122.14
162.71,162.09,163.75,162.24,162.99,164.25,160.36,160.52,160.56,21905160.0,21610300.0,29491910.0,160.86
141.91,141.48,141.6,141.88,142.38,142.15,140.87,141.05,141.01,16529130.0,17775510.0,20320420.0,141.41
173.68,167.25,168.07,170.02,175.15,173.1,165.19,166.92,166.44,41464880.0,39824200.0,36778560.0,167.81
127.74,129.08,125.72,129.62,128.57,127.15,128.31,127.35,125.58,45970470.0,35987630.0,33559770.0,130.97
170.6,166.84,174.95,166.92,171.22,175.39,164.09,165.43,172.66,36396590.0,65270950.0,34693280.0,165.67
172.5,172.4,172.15,173.13,173.54,172.39,171.65,172.0,171.46,20442740.0,23402510.0,19088170.0,173.63
178.54,172.8,179.26,176.3,179.78,180.62,172.45,172.66,178.05,38426060.0,48706170.0,37568080.0,175.21
164.0,162.13,164.12,167.26,164.33,165.73,161.84,160.63,163.37,41976500.0,35617230.0,27850370.0,166.41
110.98,108.53,111.4,110.25,111.46,112.35,108.11,109.55,111.23,30790930.0,26538700.0,28174980.0,110.08
225.75,222.15,223.52,222.95,226.84,228.35,217.27,222.52,222.57,36810120.0,31801970.0,41411350.0,217.79
174.95,170.6,177.81,171.22,175.39,178.82,165.43,172.66,176.88,65270950.0,34693280.0,20544600.0,166.84
316.7,311.85,311.64,315.5,317.57,317.07,309.55,312.17,311.15,30480880.0,40653460.0,30521720.0,313.59
116.79,117.88,117.35,118.17,117.44,117.98,117.13,115.72,116.75,35626020.0,35041820.0,37512930.0,117.33
174.16,173.71,171.58,175.3,175.87,173.0,173.17,173.95,171.38,16991610.0,21846400.0,18890250.0,173.21
279.5,282.23,279.8,282.65,281.18,281.9,278.56,278.95,279.12,69032740.0,24626950.0,29024690.0,280.53
112.49,108.97,110.23,110.45,112.78,112.34,108.51,110.04,109.13,49904460.0,53142590.0,61681250.0,111.65
123.15,122.32,123.38,122.57,123.5,123.91,121.71,122.27,122.55,33400950.0,36912040.0,33570380.0,122.6
97.79,97.99,97.6,101.89,98.27,97.84,97.55,97.45,96.63,23265200.0,28487570.0,40170200.0,99.25
261.55,261.13,258.3,264.78,262.79,262.47,261.07,260.92,258.28,25817590.0,21847230.0,20507460.0,263.75
112.18,111.94,115.19,112.8,112.68,115.39,110.35,109.79,112.85,53168580.0,64678220.0,46810020.0,111.07
170.52,170.16,171.0,172.3,170.59,171.85,169.26,169.22,170.48,25400540.0,25938760.0,16412270.0,172.53
108.73,113.86,107.51,115.73,113.03,108.79,113.49,108.6,107.24,90398170.0,111186900.0,62080160.0,115.12
178.25,185.18,175.88,187.67,184.25,177.5,184.75,178.17,174.44,42557530.0,56137230.0,33944110.0,184.99
173.91,174.66,172.37,176.24,175.25,174.99,174.33,173.6,171.72,24358920.0,24332120.0,34770480.0,175.11
195.34,191.51,190.02,191.98,197.69,196.33,186.6,190.78,189.81,43751810.0,42287640.0,50943120.0,191.66
295.06,300.46,289.17,303.24,301.0,293.69,298.87,294.46,286.32,35583440.0,36937800.0,33391990.0,303.22
115.59,116.52,116.35,117.8,116.52,116.51,116.49,115.59,115.64,18131970.0,14244050.0,26043820.0,117.52
117.7,117.35,115.02,117.98,118.69,116.75,116.75,116.2,114.72,37512930.0,63963010.0,36087910.0,116.79
183.4,182.99,186.12,186.53,184.92,186.15,182.54,180.73,184.7,24378480.0,31632320.0,27185130.0,185.23
261.07,263.79,258.31,265.89,263.31,259.53,262.73,260.68,256.29,18661340.0,16810390.0,29377270.0,267.48
175.03,176.49,174.78,178.94,176.19,175.84,176.41,174.83,173.85,26575010.0,21561320.0,25100510.0,177.81
187.72,187.22,187.6,188.23,188.0,188.75,186.14,186.78,186.87,27468700.0,18503410.0,22409110.0,187.99
156.35,156.73,155.97,157.28,157.37,156.98,156.41,155.73,155.75,16367780.0,16380570.0,16861450.0,157.9
214.1,214.65,216.8,217.05,216.36,217.19,214.6,213.84,214.03,18505780.0,18965930.0,25682700.0,216.6
143.98,144.53,154.89,148.55,145.72,158.85,143.8,142.0,154.23,57423650.0,91106840.0,35637070.0,148.7
186.41,186.27,187.71,191.75,189.7,189.48,186.02,185.41,182.85,26544720.0,36529680.0,57430620.0,189.91
96.47,95.42,94.79,96.04,96.71,97.34,94.28,95.4,94.35,37190500.0,40814360.0,64332440.0,95.0
216.8,214.1,218.1,216.36,217.19,219.18,213.84,214.03,215.11,18965930.0,25682700.0,30149410.0,214.65
120.45,120.0,119.4,120.81,120.45,120.09,119.77,119.73,119.37,21982000.0,29922650.0,25554290.0,119.55
317.92,320.25,318.58,323.33,319.56,319.99,317.52,315.65,317.31,36634380.0,26117990.0,25458120.0,310.06
141.26,141.5,139.85,141.74,141.58,141.6,140.35,140.61,139.76,22355140.0,20299310.0,25804820.0,139.39
109.5,109.26,110.0,111.19,110.36,110.03,109.16,109.19,108.25,29976030.0,26160560.0,34113880.0,110.86
172.4,173.63,172.5,174.17,173.13,173.54,172.46,171.65,172.0,40122100.0,20442740.0,23402510.0,174.88
110.82,111.29,112.73,111.52,112.45,112.75,109.56,110.68,111.44,44434220.0,32970790.0,30386830.0,110.93
108.01,109.88,109.07,111.37,111.01,109.62,109.07,107.55,107.31,52033100.0,57774940.0,63849470.0,110.63
209.88,209.84,203.06,212.65,215.31,203.4,208.13,209.23,199.11,31996320.0,64827330.0,45751160.0,210.89
282.0,263.75,295.52,278.09,290.82,299.55,263.0,281.23,291.41,71686210.0,56544250.0,46893220.0,277.14
117.81,112.53,116.53,115.42,118.18,119.99,109.63,113.33,116.53,101593400.0,96820670.0,54851010.0,116.04
108.52,107.78,108.71,108.44,108.93,108.9,107.78,107.85,107.76,18648700.0,27460070.0,23839880.0,108.14
114.32,116.04,116.04,117.65,116.31,116.4,115.5,114.01,114.54,40827260.0,42876370.0,48407640.0,116.43
106.7,109.81,106.57,110.35,110.23,107.68,108.83,106.6,106.16,27623150.0,58724080.0,32230590.0,109.72
282.28,303.67,257.26,304.0,301.44,278.41,285.8,277.72,256.37,79868850.0,85349340.0,106721200.0,296.44
196.31,195.41,197.99,199.56,198.07,198.65,193.82,194.04,192.58,33364400.0,35824790.0,52392970.0,200.2
160.14,160.1,159.65,163.12,162.0,160.56,160.0,159.93,159.27,29451050.0,25649890.0,25184600.0,163.8
142.94,141.6,143.6,142.15,143.35,143.88,141.01,140.06,142.9,20320420.0,30341520.0,18904680.0,141.91
169.87,167.64,167.9,168.5,169.94,169.65,165.28,165.61,166.94,39668100.0,33482970.0,35779520.0,174.0
191.09,193.25,191.64,196.5,194.46,191.68,193.15,191.05,188.38,23243160.0,22727370.0,27308200.0,194.79
256.77,258.74,257.05,260.35,257.49,258.19,258.11,255.37,256.32,23735080.0,18966120.0,19974430.0,258.69
210.16,206.43,208.5,206.98,210.45,209.32,204.22,207.2,206.66,20059570.0,21162560.0,21007650.0,208.39
96.75,97.17,96.49,97.7,97.65,96.89,97.12,96.73,96.05,24129530.0,23317990.0,28877500.0,97.41
267.78,271.46,268.81,275.3,272.56,271.1,270.93,267.32,268.5,33432810.0,34437040.0,19723390.0,277.0
150.48,151.5,149.2,151.74,151.42,150.13,150.19,149.95,148.67,17170490.0,20859830.0,17837130.0,149.99
159.51,157.9,160.11,158.26,159.77,160.5,153.83,158.44,158.0,52126240.0,20565620.0,28157630.0,155.8
113.06,113.4,112.71,113.66,114.31,113.05,112.69,112.63,112.28,21400410.0,29707270.0,21634520.0,113.7
214.65,216.6,214.1,216.9,217.05,216.36,215.11,214.6,213.84,18457720.0,18505780.0,18965930.0,217.15
126.04,125.72,125.03,127.15,126.37,125.76,125.58,125.04,124.32,33559770.0,31695870.0,41365600.0,127.74
208.5,210.16,204.1,210.45,209.32,205.72,207.2,206.66,203.32,21162560.0,21007650.0,15957630.0,206.43
113.87,113.65,115.39,114.23,115.21,115.86,113.2,113.45,114.1,26378910.0,36792100.0,31396130.0,113.46
137.14,137.08,135.91,137.44,137.44,136.66,136.7,136.28,135.28,23446340.0,20222210.0,21754600.0,137.89
143.69,143.02,144.88,143.5,144.79,145.3,142.41,142.72,143.1,24110330.0,21550270.0,14277850.0,142.9
119.2,119.27,117.64,119.73,119.92,119.75,117.34,118.85,116.76,32445680.0,34135230.0,43233950.0,117.33
156.75,156.61,160.42,157.75,157.08,160.71,155.96,155.02,159.6,23907540.0,42357420.0,16252850.0,156.89
121.99,126.2,132.85,127.09,125.5,132.92,125.06,121.99,130.32,50832950.0,115288400.0,73006780.0,125.32
108.14,109.63,107.78,110.23,109.54,108.44,109.21,108.08,107.78,33754680.0,25704330.0,18648700.0,109.1
99.02,98.5,99.25,99.99,99.56,99.87,98.46,98.68,98.96,26575570.0,20839950.0,22378380.0,98.53
153.87,153.63,149.03,153.94,154.88,153.7,152.11,153.45,149.03,25779060.0,38907940.0,48670440.0,152.45
117.95,118.77,116.78,119.38,119.43,118.16,118.3,117.94,116.47,24432660.0,33420290.0,31714820.0,118.74
93.0,93.33,93.37,93.57,93.77,93.45,92.11,92.59,91.85,33653020.0,32895650.0,43665160.0,93.48
104.41,106.05,104.19,106.07,106.15,104.55,104.0,104.41,103.68,33770220.0,38018910.0,27697970.0,104.81
94.94,96.25,96.0,96.89,96.35,96.57,95.35,94.68,95.03,29124140.0,35407050.0,34355970.0,95.94
217.73,219.96,220.0,220.82,220.13,220.79,219.12,217.56,217.02,18386470.0,21158140.0,39763300.0,221.06
171.76,173.49,180.95,174.49,174.78,182.39,168.3,170.42,176.27,41678680.0,42704910.0,41141250.0,165.0
175.88,178.25,175.23,184.25,177.5,177.75,178.17,174.44,173.8,56137230.0,33944110.0,66454720.0,185.18
145.74,147.16,155.19,147.45,146.09,155.19,145.15,142.51,146.02,34089190.0,72187710.0,64782910.0,147.5
263.75,277.14,282.0,286.44,278.09,290.82,269.37,263.0,281.23,71322520.0,71686210.0,56544250.0,277.39
189.53,191.08,188.5,191.84,191.41,189.78,190.9,189.31,187.61,12506830.0,18000180.0,18776390.0,191.52
159.29,163.89,157.23,168.07,163.6,157.83,163.72,158.7,156.78,44651420.0,44387770.0,16916650.0,167.9
102.83,104.19,104.27,104.55,104.45,104.35,103.68,102.82,102.75,27697970.0,38771840.0,92143920.0,104.41
214.84,213.86,214.05,216.78,216.44,214.42,211.71,211.07,212.51,31777930.0,27309400.0,19362290.0,218.07
175.05,174.3,175.1,174.87,175.08,175.5,171.86,173.34,174.65,26387240.0,20591090.0,14026670.0,172.63
95.42,95.0,96.47,96.84,96.04,96.71,94.08,94.28,95.4,45870130.0,37190500.0,40814360.0,95.86
296.44,295.52,303.67,299.55,303.4,304.0,291.41,293.13,285.8,46893220.0,54794570.0,79868850.0,282.0
167.64,174.0,169.87,174.26,168.5,169.94,171.12,165.28,165.61,59332210.0,39668100.0,33482970.0,172.37
177.32,175.24,178.65,176.8,177.47,179.12,174.94,173.66,177.62,19620520.0,32931110.0,38313330.0,175.04
268.7,268.31,262.74,273.7,270.07,267.37,265.83,264.7,261.23,32755730.0,40529120.0,42223820.0,280.0
116.43,116.1,116.04,116.52,117.44,117.65,114.68,116.01,115.5,48079330.0,34525630.0,40827260.0,114.08
115.2,111.38,116.26,114.24,115.57,116.82,111.0,112.27,115.65,37979570.0,45555300.0,32461350.0,114.92
165.67,162.62,166.84,165.42,166.33,166.92,162.41,161.22,164.09,28331540.0,33674960.0,36396590.0,164.12
157.5,158.23,157.86,160.0,157.89,159.5,158.02,155.11,156.72,21564890.0,26330070.0,27391950.0,159.07
113.63,113.25,113.38,115.5,114.72,114.18,112.37,113.3,112.52,50061580.0,35678360.0,50278030.0,116.44
112.73,110.82,110.0,112.45,112.75,112.28,110.68,111.44,109.49,32970790.0,30386830.0,52720620.0,111.29
198.58,199.46,199.2,201.37,199.85,200.14,198.56,198.01,196.21,25668330.0,17524150.0,27738580.0,199.54
289.46,289.93,291.12,293.68,292.69,293.97,289.52,285.22,288.12,25247630.0,36059610.0,36592940.0,296.24
228.08,236.36,247.18,247.69,228.5,251.83,234.3,212.61,228.0,71882770.0,84188210.0,100423300.0,250.75
178.5,178.65,180.32,179.12,180.24,180.52,177.62,178.07,177.81,38313330.0,22676520.0,29334630.0,177.32
99.6,99.02,99.44,99.54,100.4,100.47,98.33,98.82,99.25,29139100.0,42268040.0,36299460.0,97.6
189.01,186.78,189.49,187.07,189.53,190.06,185.1,187.86,187.45,23639070.0,20393070.0,26167950.0,186.07
117.42,112.95,121.5,117.44,117.7,122.57,112.1,113.25,117.52,99202400.0,123601900.0,69639900.0,115.97
158.53,154.89,157.5,158.85,159.36,158.52,154.23,156.48,154.55,35637070.0,34499390.0,41740600.0,143.98
100.0,99.83,99.56,101.0,100.46,100.0,99.13,99.74,99.34,32690080.0,26219110.0,23766360.0,99.26
185.42,189.5,185.26,190.68,188.43,186.41,189.3,185.2,184.28,19636390.0,17426160.0,16543880.0,190.71
203.31,202.45,201.85,204.0,204.39,203.73,202.2,201.71,201.56,17595210.0,20191840.0,17897140.0,204.09
172.83,171.8,172.05,173.95,174.12,174.26,171.71,171.01,171.42,30953760.0,37378070.0,33690660.0,173.67
192.45,193.06,190.68,194.85,193.66,191.96,192.43,192.05,189.56,16553500.0,18680930.0,15955820.0,194.61
186.23,190.02,188.35,196.33,189.49,188.99,189.81,184.73,185.92,50943120.0,31003380.0,31440300.0,195.34
109.26,110.86,109.5,112.43,111.19,110.36,110.6,109.16,109.19,27049830.0,29976030.0,26160560.0,112.31
109.0,107.59,107.27,107.69,109.0,108.85,106.18,107.95,107.2,26639930.0,13596680.0,32618140.0,106.96
99.56,100.0,98.7,100.46,100.0,100.13,99.74,99.34,98.6,26219110.0,23766360.0,36464530.0,99.83
227.95,227.25,224.79,230.0,229.42,225.84,226.63,226.35,224.02,24435010.0,23171020.0,22560440.0,230.05
106.93,105.01,106.64,106.48,106.93,108.09,104.62,105.52,106.06,33655810.0,31416910.0,30576980.0,105.0
156.01,155.94,154.7,156.06,156.65,156.42,154.72,155.05,154.67,19994270.0,25912270.0,32493770.0,153.6
135.52,135.67,133.47,135.9,136.27,135.09,134.84,134.62,133.25,22539860.0,35578640.0,33054500.0,135.1
199.13,200.58,190.3,208.38,201.76,192.14,200.35,197.31,189.34,62317430.0,67812280.0,37847260.0,207.03
234.59,237.52,235.09,240.99,237.58,236.15,237.32,234.29,233.52,22367480.0,24377170.0,17272900.0,241.16
241.95,247.51,264.89,257.61,259.08,279.92,238.4,240.0,252.95,81013970.0,80605870.0,92683030.0,239.77
141.48,141.41,141.91,142.04,141.88,142.38,141.11,140.87,141.05,14676420.0,16529130.0,17775510.0,141.88
120.79,123.13,119.87,123.82,123.49,121.36,121.62,120.7,119.61,44829060.0,45479260.0,32152870.0,121.85
107.51,108.73,102.65,113.03,108.79,105.72,108.6,107.24,102.53,111186900.0,62080160.0,45114590.0,113.86
222.15,217.79,225.75,221.85,222.95,226.84,217.12,217.27,222.52,31495630.0,36810120.0,31801970.0,218.5
197.42,187.71,200.4,189.48,198.85,201.68,182.85,192.77,196.66,57430620.0,41208710.0,34908610.0,186.41
184.46,180.95,180.29,182.39,184.94,180.33,176.27,181.21,177.03,41141250.0,40537700.0,39424260.0,171.76
312.6,324.45,310.06,327.85,318.4,311.77,321.38,312.19,304.88,54149930.0,40558490.0,40485010.0,320.54
115.76,117.64,114.92,119.75,117.49,115.05,116.76,115.5,113.32,43233950.0,46559730.0,27584020.0,119.2
105.75,100.56,102.61,102.37,105.85,105.37,99.87,102.41,102.0,68384270.0,55583140.0,67569090.0,98.68
115.92,116.78,115.85,118.16,116.86,116.51,116.47,115.81,115.75,31714820.0,22115100.0,21081620.0,117.95
316.14,316.77,323.5,323.44,318.71,324.24,315.63,313.09,316.5,33449100.0,28236270.0,31380450.0,319.25
174.17,174.68,174.87,175.42,176.02,175.42,174.5,174.1,173.25,16339690.0,20848660.0,23451420.0,170.8
144.11,144.73,142.9,145.85,145.95,144.75,144.38,143.37,142.9,18647220.0,21080580.0,18527000.0,145.87
152.45,154.7,153.63,156.42,154.07,153.94,154.67,152.31,152.11,32493770.0,27236290.0,25779060.0,156.01
130.97,132.85,129.08,132.92,132.97,129.62,130.32,130.7,128.31,73006780.0,55204920.0,45970470.0,121.99
198.8,198.54,200.37,200.16,200.85,200.61,198.17,198.15,198.03,18220420.0,47800590.0,21513990.0,198.43
111.74,110.19,110.63,110.19,111.77,111.74,108.21,109.41,109.77,61747260.0,46717770.0,48702200.0,110.0
107.59,106.96,109.0,109.43,107.69,109.0,106.86,106.18,107.95,30912260.0,26639930.0,13596680.0,108.58
194.14,191.17,193.63,192.0,194.2,194.08,189.77,192.34,191.92,26580710.0,21329170.0,20912820.0,191.35
154.9,153.84,154.0,154.17,154.9,154.58,152.67,153.31,152.91,19201820.0,19906170.0,22930630.0,153.73
323.52,322.57,315.31,325.22,324.76,319.64,320.26,318.95,313.63,26356390.0,29706720.0,34154130.0,322.37
364.41,353.25,360.7,362.17,365.32,365.0,351.28,353.02,357.57,32661520.0,51314210.0,34380630.0,360.08
171.19,171.8,169.71,172.37,173.32,171.44,170.3,170.99,169.49,17154540.0,25323890.0,18958570.0,171.58
166.11,166.96,163.25,168.98,169.0,166.15,165.93,164.56,160.23,32644590.0,40613260.0,60800480.0,167.41
166.0,160.4,165.38,162.11,167.45,167.53,155.3,159.09,164.39,64398230.0,47597670.0,33753490.0,156.86
317.83,312.15,308.1,315.95,319.69,317.05,303.21,310.91,307.24,50155640.0,40575260.0,36486560.0,304.51
262.71,266.94,262.59,267.16,266.44,263.18,262.5,262.52,260.84,26334880.0,21029520.0,16331260.0,265.58
117.95,114.31,117.1,115.7,118.36,117.74,113.31,117.31,117.0,66028640.0,46820600.0,23492650.0,115.39
180.29,184.46,182.66,184.94,180.33,182.8,181.21,177.03,177.7,40537700.0,39424260.0,41523580.0,180.95
144.09,145.1,143.92,147.2,144.3,144.16,144.96,143.27,143.31,33498270.0,20783460.0,14198660.0,147.54
203.46,204.28,203.16,207.16,205.14,206.44,203.84,199.67,202.59,28813620.0,27883360.0,36547440.0,210.62
199.2,201.85,200.81,203.73,201.51,201.4,201.56,198.81,198.41,17897140.0,20578020.0,25338630.0,203.31
311.85,313.59,316.7,315.7,315.5,317.57,312.09,309.55,312.17,27207250.0,30480880.0,40653460.0,316.27
100.78,101.31,102.39,101.58,101.76,102.83,100.27,100.4,100.96,27148530.0,31538710.0,35890740.0,101.41
117.35,116.79,117.7,117.44,117.98,118.69,115.72,116.75,116.2,35041820.0,37512930.0,63963010.0,117.88
95.87,97.22,94.64,98.09,97.19,95.43,96.84,95.67,94.52,35074380.0,37977020.0,31834020.0,98.67
246.5,240.34,255.6,245.15,248.72,262.49,236.9,239.13,252.0,41483490.0,44054640.0,49250500.0,242.8
168.39,168.07,170.0,173.1,169.92,172.68,166.44,164.94,168.6,36778560.0,40984540.0,41335980.0,173.68
99.25,99.02,97.99,99.56,99.87,101.89,98.68,98.96,97.55,20839950.0,22378380.0,23265200.0,98.5
188.0,188.38,187.19,188.88,189.27,187.81,186.78,186.91,186.13,15228270.0,18383080.0,18083080.0,186.35
102.61,105.75,107.01,105.85,105.37,107.03,102.41,102.0,104.82,55583140.0,67569090.0,40885480.0,100.56
108.58,107.01,106.96,107.03,108.7,109.43,104.82,107.18,106.86,40885480.0,25184090.0,30912260.0,102.61
318.62,297.26,322.63,304.18,320.45,324.65,289.23,310.5,318.21,55548830.0,32426420.0,25141490.0,300.95
225.82,227.03,226.27,227.79,228.06,229.93,225.64,224.33,225.84,19029420.0,29282700.0,30889270.0,227.93
204.4,203.06,204.9,203.4,205.97,205.0,199.11,203.86,202.12,45751160.0,22010360.0,18612770.0,209.88
170.1,171.0,170.8,171.85,170.78,171.47,170.48,169.71,169.68,16412270.0,21477380.0,33113340.0,170.52
110.8,111.34,111.78,114.17,111.75,112.0,110.82,110.11,110.53,48929200.0,29723750.0,38794930.0,114.0
179.73,174.94,178.37,176.6,180.27,181.47,172.1,176.55,175.51,23623970.0,31096240.0,67678680.0,174.24
108.23,108.71,107.52,108.9,108.94,108.37,107.76,108.01,107.16,23839880.0,26296260.0,28010430.0,108.52
365.0,360.7,364.0,365.0,368.79,372.38,357.57,358.52,362.27,34380630.0,48155850.0,53038870.0,364.41
289.17,295.06,286.25,301.0,293.69,299.0,294.46,286.32,285.85,36937800.0,33391990.0,60154180.0,300.46
193.25,194.79,191.09,196.37,196.5,194.46,193.14,193.15,191.05,19090050.0,23243160.0,22727370.0,196.45
172.36,172.05,169.79,174.26,174.82,173.09,171.42,171.77,169.0,33690660.0,40113790.0,50908540.0,172.83
110.78,111.6,111.43,112.2,112.03,112.47,110.27,110.07,111.39,36151450.0,28507780.0,27054320.0,110.37
220.9,225.07,220.54,228.22,224.58,220.96,224.2,220.79,217.28,36187160.0,26318580.0,25361290.0,223.06
220.24,220.78,218.5,221.36,222.28,219.62,217.29,219.15,215.3,95584080.0,26388050.0,26869880.0,216.82
187.22,187.99,187.72,190.26,188.23,188.0,187.75,186.14,186.78,23377690.0,27468700.0,18503410.0,191.64
97.82,96.45,97.32,97.75,98.41,98.48,96.07,97.03,96.75,31251870.0,29373050.0,31890740.0,96.62
175.03,174.87,174.88,175.42,175.39,177.2,173.25,174.09,174.86,23451420.0,27393660.0,29385650.0,174.17
303.22,305.64,300.46,310.35,305.17,303.24,304.29,301.97,298.87,33511990.0,28803760.0,35583440.0,308.1
115.93,116.25,116.58,116.54,116.53,116.89,115.44,114.42,114.86,37080720.0,43218350.0,58279570.0,115.66
222.6,217.71,215.83,221.38,224.23,223.25,216.75,214.54,214.7,29027340.0,39992120.0,38681170.0,215.9
108.77,108.86,109.23,109.1,109.69,109.6,107.85,108.36,109.02,25784420.0,25108890.0,21918340.0,108.59
94.64,95.87,94.64,97.19,95.43,94.64,95.67,94.52,93.57,37977020.0,31834020.0,30417880.0,97.22
228.99,226.23,228.41,227.35,229.67,229.18,221.3,225.1,226.63,34121240.0,33290830.0,27363960.0,221.85
316.68,318.66,315.03,320.89,319.52,318.52,315.87,316.2,313.01,25672210.0,27876220.0,25432390.0,315.77
204.9,204.4,206.83,205.97,205.0,207.76,203.86,202.12,205.12,22010360.0,18612770.0,18463850.0,203.06
151.5,149.99,150.48,150.44,151.74,151.42,148.88,150.19,149.95,25111310.0,17170490.0,20859830.0,150.58
185.14,186.35,187.88,187.2,186.33,189.22,185.73,183.45,187.2,20490090.0,33538550.0,18458410.0,187.25
111.65,113.76,108.97,114.02,112.56,110.45,109.77,110.32,108.51,84757780.0,54507300.0,49904460.0,110.27
180.29,182.59,177.96,183.5,182.39,180.0,179.24,180.21,177.39,31464170.0,32191070.0,32130360.0,180.32
172.86,174.65,167.41,175.57,175.08,171.66,172.85,172.35,167.28,28204640.0,36054570.0,31384720.0,172.4
108.97,111.65,112.49,112.56,110.45,112.78,110.32,108.51,110.04,54507300.0,49904460.0,53142590.0,113.76
227.96,222.21,230.78,224.8,228.41,232.35,220.2,220.58,226.73,28784550.0,33507770.0,31961120.0,223.64
226.23,221.85,228.99,225.37,227.35,229.67,220.71,221.3,225.1,37418910.0,34121240.0,33290830.0,220.95
308.1,317.83,305.64,319.69,317.05,310.35,310.91,307.24,304.29,40575260.0,36486560.0,33511990.0,312.15
110.27,111.79,113.76,114.21,113.28,114.02,111.76,109.9,109.77,49793750.0,62800770.0,84757780.0,116.58
109.88,111.09,110.31,111.09,111.32,111.72,105.83,108.05,109.7,57097740.0,59118740.0,24129630.0,107.12
184.85,185.8,183.9,188.39,187.33,184.1,185.79,183.74,182.56,26148590.0,39017490.0,23527660.0,188.35
205.88,201.9,204.29,205.34,207.42,208.84,201.75,200.83,203.5,26339500.0,38763700.0,32443110.0,200.4
268.6,268.81,270.0,271.1,270.07,270.8,268.5,265.86,264.91,19723390.0,22632380.0,32182650.0,267.78
279.8,279.5,279.57,281.18,281.9,281.77,278.95,279.12,278.8,24626950.0,29024690.0,28575800.0,282.23
194.7,191.55,193.95,193.59,196.79,195.97,190.3,193.6,193.39,18761470.0,21674630.0,18253190.0,192.9
174.35,174.55,173.44,175.06,175.61,175.37,173.41,173.93,173.05,21532200.0,20523870.0,23589930.0,173.16
215.9,219.19,217.71,219.69,220.19,221.38,206.09,212.67,216.75,45713690.0,47191700.0,29027340.0,211.15
104.81,105.58,106.05,106.0,105.84,106.07,105.28,104.77,104.0,26781730.0,30148360.0,33770220.0,106.27
273.61,275.87,276.28,281.75,277.9,277.25,274.87,272.2,265.43,31203580.0,29264340.0,45247890.0,277.2
95.92,93.79,94.29,94.72,96.35,95.94,92.59,94.1,93.93,49979700.0,42288790.0,44282560.0,94.19
149.9,149.1,149.89,150.22,150.33,150.23,148.41,148.13,149.19,33669020.0,19690420.0,17192770.0,159.28
116.65,115.8,116.45,116.33,117.2,117.11,114.76,115.43,116.4,28769220.0,30555900.0,14979680.0,115.85
173.49,165.0,171.76,170.09,174.49,174.78,163.33,168.3,170.42,61759000.0,41678680.0,42704910.0,171.66
99.26,98.25,99.83,98.84,99.3,101.0,96.92,98.31,99.13,40290580.0,28218240.0,32690080.0,96.82
190.3,199.13,191.9,201.76,192.14,192.2,197.31,189.34,189.07,67812280.0,37847260.0,20912890.0,200.58
315.36,320.0,324.74,324.57,319.75,325.98,320.0,314.61,322.85,23495990.0,38190550.0,20028450.0,322.63
232.95,234.9,227.93,238.13,237.64,230.44,234.67,232.31,227.3,24413480.0,41990210.0,28962980.0,236.39
199.0,191.63,205.55,197.18,199.85,206.01,191.45,193.79,202.25,46725710.0,50991030.0,34317760.0,193.9
97.99,99.25,97.79,99.87,101.89,98.27,98.96,97.55,97.45,22378380.0,23265200.0,28487570.0,99.02
115.39,113.87,114.31,115.21,115.86,115.7,113.45,114.1,113.31,36792100.0,31396130.0,66028640.0,113.65
156.25,163.25,155.79,166.15,158.13,156.33,160.23,154.11,153.66,60800480.0,39914850.0,26147280.0,166.11
133.08,133.47,132.46,135.09,133.82,132.94,133.25,132.75,132.05,33054500.0,22989980.0,20046250.0,135.52
173.71,173.21,174.16,175.0,175.3,175.87,172.73,173.17,173.95,27817640.0,16991610.0,21846400.0,174.32
163.75,162.71,164.8,162.99,164.25,164.94,160.52,160.56,163.63,21610300.0,29491910.0,16564340.0,162.09
235.09,234.59,233.37,237.58,236.15,235.24,234.29,233.52,233.2,24377170.0,17272900.0,19286690.0,237.52
157.9,159.78,156.73,160.87,160.0,157.28,159.23,157.65,156.41,18969700.0,24093300.0,16367780.0,160.42
200.32,198.68,196.42,200.74,202.85,200.23,198.18,199.23,196.34,21654750.0,35738280.0,25829880.0,200.85
121.11,120.96,121.85,121.81,121.81,122.69,120.05,120.62,120.18,33829290.0,33009110.0,39483400.0,116.9
199.54,203.12,199.46,204.15,203.38,201.37,202.52,198.61,198.56,24185530.0,28865310.0,25668330.0,202.83
138.95,138.74,139.06,138.79,139.8,139.98,137.05,138.82,138.79,22117750.0,18695500.0,17439210.0,139.25
111.78,110.8,110.93,111.75,112.0,112.1,110.11,110.53,110.49,29723750.0,38794930.0,37622200.0,111.34
109.1,109.23,109.63,109.6,109.37,110.23,109.02,108.34,109.21,21918340.0,25328680.0,33754680.0,108.77
119.21,118.29,117.33,118.41,119.23,119.35,117.6,117.92,117.12,13046450.0,21341960.0,42747950.0,117.99
174.28,175.69,174.32,177.75,175.15,174.91,173.97,172.89,172.92,27413060.0,25737560.0,27953810.0,175.94
161.95,163.05,158.5,167.54,164.75,163.89,162.88,161.65,157.51,40382890.0,32483310.0,60774900.0,169.79
110.0,109.5,109.17,110.36,110.03,110.09,109.19,108.25,108.85,26160560.0,34113880.0,26481320.0,109.26
218.93,222.3,221.16,222.64,222.99,221.83,219.34,216.76,217.27,22692880.0,28802550.0,30280450.0,217.86
101.52,99.93,98.63,100.88,101.53,101.46,98.07,99.21,98.37,71937310.0,51529980.0,65648660.0,96.04
106.0,104.89,105.47,107.79,106.19,106.25,104.88,105.06,104.89,31154910.0,19354440.0,25568350.0,108.65
277.2,281.8,275.87,284.54,283.01,281.75,279.95,277.0,274.87,29271890.0,31627180.0,31203580.0,285.08
104.61,105.52,103.96,106.47,106.31,105.18,104.96,104.59,103.85,34394830.0,38236730.0,40026250.0,106.34
175.11,175.11,174.66,175.38,176.1,176.24,174.27,173.14,174.33,25129510.0,29422610.0,24358920.0,173.5
153.8,153.89,151.78,154.28,154.72,153.92,152.7,153.54,151.69,21983410.0,25402270.0,35907770.0,153.21
159.78,160.42,157.9,160.71,160.87,160.0,159.6,159.23,157.65,16252850.0,18969700.0,24093300.0,156.75
94.0,93.37,95.2,93.45,94.07,95.9,91.85,92.68,93.82,43665160.0,35850220.0,40984160.0,93.0
140.72,141.0,139.41,141.0,141.02,140.75,139.89,140.26,139.03,43700570.0,19173780.0,25676720.0,140.4
354.64,351.34,351.41,359.46,356.56,353.45,351.15,345.15,349.22,33861320.0,66118950.0,24205100.0,364.0
116.53,117.81,114.58,118.18,119.99,116.25,113.33,116.53,114.5,96820670.0,54851010.0,38610120.0,112.53
173.87,170.32,174.67,173.07,174.44,175.49,169.5,172.02,173.94,23985960.0,24755470.0,20755140.0,175.49
284.69,284.82,280.53,289.98,284.89,284.25,284.7,282.92,280.37,23334000.0,12119710.0,24677880.0,291.12
189.49,189.01,187.74,189.53,190.06,190.37,187.86,187.45,187.65,20393070.0,26167950.0,27942430.0,186.78
136.23,136.43,135.1,137.12,136.75,135.83,136.11,135.98,135.1,20769030.0,24487200.0,22163280.0,137.38
160.42,156.75,159.78,157.08,160.71,160.87,155.02,159.6,159.23,42357420.0,16252850.0,18969700.0,156.61
151.29,152.5,149.56,153.97,154.53,151.82,150.86,149.63,148.52,35661200.0,45034370.0,40622910.0,152.88
99.02,97.6,99.6,97.84,99.54,100.4,96.63,98.33,98.82,40170200.0,29139100.0,42268040.0,97.79
93.99,93.97,97.61,94.08,94.72,97.88,92.4,92.51,94.25,47844490.0,68388840.0,82107120.0,94.2
140.4,142.11,141.0,142.8,141.5,141.0,139.73,140.23,139.89,39461130.0,21258100.0,43700570.0,139.85
205.53,197.99,213.9,198.65,206.43,218.03,192.58,201.63,206.74,52392970.0,40862120.0,54017920.0,196.31
98.68,98.55,100.56,99.11,100.13,102.37,96.76,96.43,99.87,70722000.0,80742460.0,68384270.0,98.97
100.51,100.58,97.65,101.71,100.89,100.77,100.45,99.64,97.42,36884490.0,33136130.0,50303500.0,102.37
104.89,108.65,106.0,110.42,107.79,106.19,108.6,104.88,105.06,45547590.0,31154910.0,19354440.0,109.72
205.86,207.86,209.43,208.55,207.19,212.05,203.53,205.06,201.0,25897340.0,26066130.0,46882840.0,204.1
204.1,208.5,207.86,209.32,205.72,208.55,206.66,203.32,203.53,21007650.0,15957630.0,25897340.0,210.16
113.85,112.83,116.44,113.51,114.57,116.69,107.86,112.44,114.02,73230280.0,51861990.0,56005550.0,110.17
107.4,107.27,107.28,108.85,107.72,107.37,107.2,106.45,105.57,32618140.0,32728460.0,47507230.0,109.0
203.06,209.88,204.4,215.31,203.4,205.97,209.23,199.11,203.86,64827330.0,45751160.0,22010360.0,209.84
160.52,157.86,161.94,159.5,160.71,162.51,156.72,157.84,160.15,27391950.0,27377960.0,27607370.0,157.5
205.55,199.0,209.98,199.85,206.01,210.12,193.79,202.25,206.75,50991030.0,34317760.0,25289270.0,191.63
242.1,244.51,241.16,244.8,243.24,242.2,241.81,241.22,239.62,17916260.0,19932550.0,22684000.0,243.16
207.36,206.83,204.43,207.76,208.48,207.75,205.12,207.05,203.9,18463850.0,17427570.0,23286380.0,204.9
230.78,227.96,230.05,228.41,232.35,233.47,220.58,226.73,229.78,33507770.0,31961120.0,28540490.0,222.21
170.32,175.49,173.87,179.12,173.07,174.44,175.35,169.5,172.02,31123000.0,23985960.0,24755470.0,180.0
230.05,230.78,227.25,232.35,233.47,230.0,226.73,229.78,226.63,31961120.0,28540490.0,24435010.0,227.96
153.38,154.0,151.27,154.58,153.98,153.34,152.91,152.63,151.13,22930630.0,26892850.0,33520150.0,154.9
220.0,217.73,224.8,220.13,220.79,226.42,217.56,217.02,222.86,21158140.0,39763300.0,32226670.0,219.96
147.97,148.82,145.5,150.9,149.33,148.49,148.57,147.33,145.44,23765710.0,20117070.0,25080500.0,149.2
209.84,210.89,209.88,211.84,212.65,215.31,210.23,208.13,209.23,20892380.0,31996320.0,64827330.0,204.29
118.77,118.74,117.95,119.93,119.38,119.43,118.6,118.3,117.94,27453130.0,24432660.0,33420290.0,118.9
106.64,106.93,107.88,106.93,108.09,108.0,105.52,106.06,106.23,31416910.0,30576980.0,32340620.0,105.01
367.85,370.0,365.12,375.78,370.47,367.36,369.87,363.64,363.91,29663910.0,28510370.0,27684310.0,375.41
139.06,138.95,139.37,139.8,139.98,139.77,138.82,138.79,138.6,18695500.0,17439210.0,21229890.0,138.74
213.19,209.43,212.99,212.05,214.44,213.65,201.0,210.75,211.6,46882840.0,22267820.0,21564750.0,205.86
196.05,199.68,192.9,199.88,200.29,194.96,197.31,195.21,192.17,21124240.0,26551000.0,14669140.0,200.37
316.27,317.19,313.59,319.02,318.74,315.7,316.0,315.0,312.09,27710810.0,34454120.0,27207250.0,318.58
121.67,122.14,120.42,122.35,122.44,122.1,121.6,121.6,120.28,20495340.0,26320740.0,32417410.0,120.93
212.0,214.05,208.39,214.42,213.97,209.48,212.51,211.51,207.32,19362290.0,23946880.0,19216820.0,214.84
217.15,219.01,216.6,220.54,218.74,216.9,218.92,216.33,215.11,22751390.0,20400770.0,18457720.0,220.15
170.29,170.78,171.04,173.7,170.56,171.39,170.78,169.56,169.64,25047130.0,16041550.0,21884010.0,173.36
304.51,300.35,312.15,307.9,309.79,315.95,300.21,301.53,303.21,41587090.0,39732270.0,50155640.0,313.17
118.29,117.99,119.21,119.41,118.41,119.23,117.75,117.6,117.92,38063130.0,13046450.0,21341960.0,118.75
220.95,218.01,221.85,224.3,221.85,225.37,216.56,216.47,220.71,35644510.0,39194720.0,37418910.0,224.94
191.64,193.07,187.99,193.94,193.42,190.26,192.36,191.35,187.75,21535570.0,26190620.0,23377690.0,193.63
220.78,216.82,220.24,221.26,221.36,222.28,216.63,217.29,219.15,27581270.0,95584080.0,26388050.0,219.75
211.15,216.88,219.19,220.45,215.18,219.69,216.62,209.27,206.09,38016810.0,36487930.0,45713690.0,219.05
110.42,109.51,108.78,110.73,112.19,110.0,109.42,110.27,108.2,26560420.0,37322930.0,25820460.0,110.23
97.39,98.92,97.41,99.3,98.99,97.67,98.5,97.32,96.84,30031410.0,38885980.0,25879680.0,98.7
277.95,276.28,284.69,277.25,281.68,286.95,265.43,276.85,276.86,45247890.0,32503750.0,53812480.0,273.61
166.87,167.17,165.53,168.62,168.44,167.37,166.76,166.5,164.7,44453230.0,32234520.0,45635470.0,166.0
112.21,113.67,115.66,115.37,114.3,116.49,113.66,111.87,113.72,46594220.0,73991000.0,63712340.0,113.38
93.79,94.79,96.04,97.34,94.52,96.63,94.35,92.39,93.34,64332440.0,55622370.0,133059000.0,96.47
138.74,139.25,138.95,139.36,138.79,139.8,138.64,137.05,138.82,19578920.0,22117750.0,18695500.0,138.85
103.96,104.61,101.91,106.31,105.18,102.91,104.59,103.85,101.78,38236730.0,40026250.0,25058280.0,105.52
149.1,159.28,149.9,159.75,150.22,150.33,156.16,148.41,148.13,69726440.0,33669020.0,19690420.0,157.05
109.72,108.78,108.65,110.0,109.9,110.42,108.2,108.88,108.6,25820460.0,25763840.0,45547590.0,110.42
277.0,279.57,271.46,281.77,280.79,275.3,278.8,276.98,270.93,28575800.0,32081110.0,33432810.0,279.8
109.95,108.91,110.23,109.77,110.42,110.98,108.17,108.12,109.2,23553790.0,31735810.0,26178840.0,108.97
144.53,148.7,143.98,148.83,148.55,145.72,145.9,143.8,142.0,54571440.0,57423650.0,91106840.0,149.56
218.95,221.03,221.38,222.49,219.84,222.56,217.19,217.65,217.47,31434370.0,19419650.0,57977090.0,218.55
262.59,262.71,263.69,266.44,263.18,264.01,262.52,260.84,261.18,21029520.0,16331260.0,30348780.0,266.94
305.64,308.1,303.22,317.05,310.35,305.17,307.24,304.29,301.97,36486560.0,33511990.0,28803760.0,317.83
320.54,320.93,324.45,322.68,324.09,327.85,308.29,318.75,321.38,49897100.0,31685810.0,54149930.0,304.3
193.9,188.39,191.63,191.97,194.48,197.18,186.9,185.93,191.45,46271660.0,60547340.0,46725710.0,190.5
98.67,99.68,97.22,100.73,99.74,98.09,98.64,98.11,96.84,56293490.0,38258300.0,35074380.0,99.44
94.87,111.11,110.43,111.11,108.8,111.9,103.5,92.0,105.65,102731700.0,161882500.0,127246600.0,107.09
203.28,203.35,201.41,205.08,204.44,203.13,202.9,202.69,201.36,17265520.0,11362050.0,16935220.0,200.81
113.38,113.63,113.67,114.72,114.18,115.37,113.3,112.52,113.66,35678360.0,50278030.0,46594220.0,113.25
210.88,212.99,210.62,213.65,213.35,212.73,211.6,210.32,210.03,21564750.0,26919530.0,24431920.0,213.19
188.39,190.5,193.9,194.97,191.97,194.48,189.46,186.9,185.93,36191330.0,46271660.0,60547340.0,190.0
174.59,176.18,173.16,177.36,175.49,174.3,175.65,174.49,173.0,25302200.0,18653380.0,23751690.0,177.9
317.19,318.58,316.27,319.99,319.02,318.74,317.31,316.0,315.0,25458120.0,27710810.0,34454120.0,317.92
118.9,119.11,118.74,119.62,119.3,119.93,118.81,118.21,118.6,26083030.0,27057550.0,27453130.0,118.34
152.88,150.85,152.5,151.27,153.7,153.97,149.22,151.51,150.86,32018540.0,26924630.0,35661200.0,150.27
223.06,218.43,225.07,220.96,223.58,228.22,215.13,217.93,224.2,30352690.0,35767260.0,36187160.0,225.64
148.15,148.3,156.86,157.23,151.55,158.16,146.72,146.59,149.63,58133850.0,37169230.0,95497900.0,155.84
146.87,145.52,143.66,146.07,146.87,146.74,144.61,144.94,143.66,21247590.0,24877950.0,32203640.0,145.77
324.45,320.54,312.6,324.09,327.85,318.4,318.75,321.38,312.19,31685810.0,54149930.0,40558490.0,320.93
198.54,198.43,198.8,199.26,200.16,200.85,195.29,198.17,198.15,21070330.0,18220420.0,47800590.0,197.77
284.73,289.96,285.08,294.53,289.67,285.83,288.35,283.89,278.2,45765970.0,34320200.0,28001190.0,286.25
180.0,182.25,175.49,183.3,182.67,179.12,180.92,179.37,175.35,30929740.0,32416800.0,31123000.0,183.9
175.6,175.44,176.23,179.83,177.92,177.99,174.52,170.27,174.99,30967960.0,40396070.0,27043580.0,184.28
114.92,115.76,111.38,117.49,115.05,114.24,115.5,113.32,111.0,46559730.0,27584020.0,37979570.0,117.64
223.64,225.46,222.21,226.35,227.27,224.8,216.05,222.25,220.2,41084070.0,26656630.0,28784550.0,214.52
111.38,114.92,115.2,115.05,114.24,115.57,113.32,111.0,112.27,27584020.0,37979570.0,45555300.0,115.76
188.38,186.35,188.0,188.5,188.88,189.27,185.76,186.78,186.91,19966590.0,15228270.0,18383080.0,188.77
175.69,175.94,174.28,176.0,177.75,175.15,174.54,173.97,172.89,19238480.0,27413060.0,25737560.0,174.67
320.25,310.06,317.92,311.77,323.33,319.56,304.88,317.52,315.65,40485010.0,36634380.0,26117990.0,312.6
216.88,219.05,211.15,222.36,220.45,215.18,216.81,216.62,209.27,52954070.0,38016810.0,36487930.0,209.55
154.11,155.48,154.15,158.13,154.48,155.14,154.32,151.74,151.7,33508960.0,25418110.0,23046560.0,155.79
160.66,161.94,159.32,162.51,162.2,160.21,160.15,160.14,158.75,27607370.0,29377630.0,22074760.0,160.52
183.08,186.51,184.28,191.92,185.47,184.99,185.77,182.15,181.14,30684390.0,22526310.0,29773430.0,191.81
116.52,117.52,115.59,118.02,117.8,116.52,116.2,116.49,115.59,20686510.0,18131970.0,14244050.0,116.45
164.12,164.0,162.62,164.33,165.73,165.42,160.63,163.37,162.41,35617230.0,27850370.0,28331540.0,162.13
171.51,176.73,174.24,181.29,174.77,174.95,174.93,170.88,170.26,45941750.0,41156140.0,44662320.0,182.66
221.03,218.55,218.95,221.5,222.49,219.84,217.14,217.19,217.65,22481010.0,31434370.0,19419650.0,220.0
194.86,193.95,191.81,195.97,196.0,195.37,193.39,193.6,191.62,18253190.0,26932880.0,26220850.0,194.7
281.8,285.08,277.2,285.83,284.54,283.01,278.2,279.95,277.0,28001190.0,29271890.0,31627180.0,284.73
258.69,258.3,258.74,262.47,260.44,260.35,258.28,256.85,258.11,20507460.0,17520500.0,23735080.0,261.55
102.24,101.91,101.41,102.91,102.28,102.24,101.78,101.5,100.15,25058280.0,27368840.0,33490630.0,103.96
193.07,193.63,191.64,194.08,193.94,193.42,191.92,192.36,191.35,20912820.0,21535570.0,26190620.0,194.14
172.37,173.91,174.0,175.25,174.99,174.26,173.6,171.72,171.12,24332120.0,34770480.0,59332210.0,174.66
203.16,203.46,201.02,205.14,206.44,212.14,199.67,202.59,200.83,27883360.0,36547440.0,47539790.0,204.28
115.29,118.98,116.55,119.86,119.25,116.79,117.81,115.11,114.22,32063100.0,57717870.0,41511380.0,117.52
142.44,143.5,141.22,143.95,142.68,142.92,143.18,141.85,141.16,17117710.0,17290900.0,23294040.0,143.91
289.96,286.25,284.73,299.0,294.53,289.67,285.85,288.35,283.89,60154180.0,45765970.0,34320200.0,289.17
143.91,144.47,143.5,144.6,144.9,143.95,143.38,143.87,143.18,19998050.0,18325720.0,17117710.0,143.92
114.33,116.7,114.0,119.23,115.5,115.58,116.33,114.1,113.7,59251740.0,41430660.0,42276880.0,118.08
114.42,111.64,114.35,113.39,114.79,114.94,111.55,111.55,114.0,29800240.0,52411070.0,31048170.0,113.0
167.81,167.88,167.25,168.94,171.75,170.02,164.47,166.9,165.19,37425640.0,38116290.0,41464880.0,167.64
145.13,147.17,145.77,148.28,147.16,146.7,145.38,145.11,145.12,25674500.0,35421310.0,19082170.0,145.01
120.0,119.4,118.34,120.09,120.5,120.24,119.37,119.71,118.22,25554290.0,23687350.0,34412090.0,120.45
224.8,220.0,218.07,220.79,226.42,223.71,217.02,222.86,217.73,39763300.0,32226670.0,44289650.0,217.73
190.03,187.88,191.55,189.22,190.16,191.57,187.2,188.26,190.22,18458410.0,61438290.0,21584720.0,185.14
141.0,140.4,140.72,141.5,141.0,141.02,140.23,139.89,140.26,21258100.0,43700570.0,19173780.0,142.11
97.32,97.82,98.69,98.41,98.48,99.12,97.03,96.75,97.1,29373050.0,31890740.0,37708360.0,96.45
95.7,96.49,94.6,96.89,96.5,95.66,96.05,95.62,94.37,28877500.0,24460850.0,30877540.0,96.75
160.5,162.61,160.86,163.96,162.05,161.15,158.77,159.89,158.53,71574560.0,31506890.0,28411740.0,159.87
200.4,197.42,201.9,198.85,201.68,205.34,192.77,196.66,201.75,41208710.0,34908610.0,26339500.0,187.71
218.1,216.8,213.44,217.19,219.18,217.95,214.03,215.11,213.16,25682700.0,30149410.0,35034410.0,214.1
159.32,160.66,156.6,162.2,160.21,158.57,160.14,158.75,156.07,29377630.0,22074760.0,26208970.0,161.94
96.2,98.41,97.96,98.65,97.71,100.48,95.5,95.36,95.74,52960810.0,79356010.0,63000140.0,95.1
96.82,104.27,98.25,104.35,97.97,98.84,102.75,96.42,96.92,92143920.0,53454620.0,40290580.0,102.83
96.0,97.61,103.91,97.88,98.71,105.3,94.25,95.68,103.91,82107120.0,114436300.0,52979780.0,93.99
96.45,96.62,97.82,96.65,97.75,98.41,95.3,96.07,97.03,60793260.0,31251870.0,29373050.0,96.0
169.97,171.18,173.04,171.87,170.32,173.48,170.3,168.38,171.18,23598650.0,28998220.0,24683350.0,171.04
156.41,154.15,157.5,155.14,156.73,157.88,151.7,152.62,155.98,23046560.0,30273990.0,33259460.0,154.11
228.41,228.99,226.51,229.67,229.18,228.87,225.1,226.63,226.0,33290830.0,27363960.0,43177540.0,226.23
199.68,200.37,196.05,200.61,199.88,200.29,198.03,197.31,195.21,21513990.0,21124240.0,26551000.0,198.8
139.37,139.06,138.78,139.98,139.77,139.83,138.79,138.6,138.59,17439210.0,21229890.0,21555370.0,138.95
225.07,223.06,220.9,223.58,228.22,224.58,217.93,224.2,220.79,35767260.0,36187160.0,26318580.0,218.43
148.82,149.2,147.97,150.13,150.9,149.33,148.67,148.57,147.33,17837130.0,23765710.0,20117070.0,150.48
187.99,191.64,187.22,193.42,190.26,188.23,191.35,187.75,186.14,26190620.0,23377690.0,27468700.0,193.07
114.08,110.43,116.1,111.9,114.35,116.52,105.65,111.63,114.68,127246600.0,68176940.0,48079330.0,94.87
93.97,94.44,92.9,95.77,94.55,93.66,94.3,93.63,92.14,35783320.0,36505420.0,40387960.0,95.49
186.35,187.25,185.14,188.35,187.2,186.33,184.94,185.73,183.45,25649240.0,20490090.0,33538550.0,186.12
107.88,106.64,108.89,108.09,108.0,108.95,106.06,106.23,106.94,30576980.0,32340620.0,60784920.0,106.93
116.81,117.1,116.86,117.74,116.91,117.38,117.0,116.28,116.33,23492650.0,22527690.0,24100150.0,117.95
97.22,98.67,95.87,99.74,98.09,97.19,98.11,96.84,95.67,38258300.0,35074380.0,37977020.0,99.68
112.53,116.04,117.81,116.4,115.42,118.18,114.54,109.63,113.33,48407640.0,101593400.0,96820670.0,114.32
191.35,191.39,191.17,192.61,191.97,192.0,191.15,190.21,189.77,16859020.0,18069930.0,26580710.0,192.42
167.5,169.03,169.06,170.44,170.2,171.52,168.91,166.46,168.4,25656110.0,28397810.0,27315530.0,170.49
333.25,351.46,344.72,353.2,345.68,347.8,344.72,332.58,334.22,41357180.0,34702230.0,50036510.0,355.15
184.28,183.08,175.44,185.47,184.99,179.83,182.15,181.14,174.52,22526310.0,29773430.0,30967960.0,186.51
175.23,175.88,166.41,177.5,177.75,169.2,174.44,173.8,165.27,33944110.0,66454720.0,52228910.0,178.25
110.93,111.78,111.29,112.0,112.1,111.52,110.53,110.49,109.56,38794930.0,37622200.0,44434220.0,110.8
104.64,102.65,107.25,105.72,105.72,107.27,102.53,103.13,105.24,45114590.0,46461610.0,52955310.0,107.51
109.34,110.8,108.97,112.34,110.5,110.61,110.8,108.66,108.83,32771760.0,27150570.0,29357940.0,111.62
143.02,142.9,143.69,144.75,143.5,144.79,142.9,142.41,142.72,18527000.0,24110330.0,21550270.0,144.11
147.54,145.59,145.1,147.49,148.09,147.2,144.27,146.84,144.96,45579740.0,44182930.0,33498270.0,146.52
169.2,172.15,170.49,172.39,172.89,171.0,171.46,168.79,168.82,19088170.0,34260890.0,23285760.0,172.5
206.83,204.9,207.36,205.0,207.76,208.48,202.12,205.12,207.05,18612770.0,18463850.0,17427570.0,204.4
96.04,93.79,99.93,94.52,96.63,100.88,92.39,93.34,98.07,55622370.0,133059000.0,71937310.0,94.79
179.1,179.26,176.35,180.62,180.48,179.39,178.05,178.16,176.21,37568080.0,38885510.0,37353670.0,178.54
154.34,153.9,153.58,155.81,154.45,155.45,153.78,153.46,152.89,26591850.0,25277680.0,27715140.0,155.02
214.52,220.42,225.46,222.88,219.5,226.35,216.84,212.32,216.05,39494770.0,52902320.0,41084070.0,221.16
174.68,170.8,174.17,171.47,175.42,176.02,169.68,174.5,174.1,33113340.0,16339690.0,20848660.0,170.1
116.1,114.08,116.43,114.35,116.52,117.44,111.63,114.68,116.01,68176940.0,48079330.0,34525630.0,110.43
158.6,159.26,157.06,161.27,161.83,158.92,159.11,158.27,156.67,26060430.0,36127490.0,21827400.0,159.9
95.94,92.91,96.25,94.66,96.29,96.89,92.65,95.25,95.35,75219710.0,32042290.0,29124140.0,93.0
220.0,220.54,218.55,220.96,220.94,221.5,217.28,218.83,217.14,25361290.0,19088310.0,22481010.0,220.9
155.8,152.02,157.9,152.27,155.8,158.26,150.56,152.75,153.83,46575410.0,37350060.0,52126240.0,149.99
105.66,106.14,105.8,106.8,106.57,106.5,105.62,105.64,105.5,26675250.0,31639010.0,24817940.0,107.7
201.41,203.28,203.17,204.44,203.13,204.49,202.69,201.36,200.65,11362050.0,16935220.0,27316740.0,203.35
144.47,143.92,143.91,144.16,144.6,144.9,143.31,143.38,143.87,14198660.0,19998050.0,18325720.0,144.09
145.5,147.97,145.87,149.33,148.49,146.18,147.33,145.44,144.82,20117070.0,25080500.0,24833800.0,148.82
